student_id,attendance_pct,semester_marks_pct,backlogs,lms_engagement_pct,previous_gpa,assignment_completion_pct,support_needed_next_period
S1001,79.65660495705318,60.07187118186591,4,77.41341301935422,8.273308309123095,90.15267446191044,0
S1002,63.520190725114055,59.255552284987495,0,100.0,6.173825306961048,91.65525127540018,0
S1003,85.0054143496775,86.55205420424775,1,78.05357280164282,7.750893451707506,66.80572654924578,0
S1004,87.28677659669457,72.62405923863228,0,,6.696171345526714,77.39786444780712,0
S1005,,65.03572676437848,0,56.08248789682822,8.894803733907866,54.66440326553227,0
S1006,60.37384591765218,74.98207217497612,0,,7.526401800900411,59.67230543234081,0
S1007,77.53408483800743,38.49930713738436,2,94.14008101026315,8.12313116956188,75.98664371413408,0
S1008,72.20508889187701,67.3961297450273,0,48.16796857824659,4.403107754232316,74.5025086012775,1
S1009,75.79838610994854,95.96519848926667,0,67.76200922471978,6.89731278425365,58.529982532309845,0
S1010,65.76347286911704,69.85285108963741,1,73.52677715999144,7.492661962069955,62.5444172043908,1
S1011,86.55277569835394,68.95078436837069,5,85.56241212314575,7.2683378877276485,56.95929008071105,0
S1012,85.33350322514738,75.67379731499075,0,63.81518030079317,8.15338865646142,81.28095771061137,0
S1013,76.7923683707346,80.53847340640084,0,41.851335556205356,6.560914905835054,42.517772852929596,0
S1014,89.52689448361639,40.035466299541966,0,81.18155607015224,7.0585445260415565,57.81476432703686,0
S1015,81.61011210702455,44.44742925492562,0,90.24632737308228,8.41747211729799,44.192935234682864,0
S1016,65.68849044540114,70.94407807520605,0,68.5133536885871,4.2655731958655725,80.70432966172768,1
S1017,80.42500940898998,57.99172813343486,1,77.29432164351576,7.707220601966009,45.15626319912478,0
S1018,64.49340879005202,86.36835367107881,3,61.45915787031273,6.599338208807736,74.50766717656865,1
S1019,86.54140361568727,63.58755854160687,0,54.7760896949339,5.905218250535654,100.0,0
S1020,75.40088906816497,40.91656970001635,1,88.47566224984993,7.403853069131176,100.0,0
S1021,73.78165163745687,50.247805164184044,1,76.9749252606603,8.472941556170387,45.105478893138866,0
S1022,67.8288454671527,29.504535725171948,0,78.82663478923388,8.246972597781017,78.7745536260953,0
S1023,90.67049606408837,,2,97.03807266390304,6.837864362912046,58.176459257912725,0
S1024,74.14564621517438,65.36262221829864,1,51.01283798226568,8.050889156513138,54.909823428635875,0
S1025,70.86006613404271,62.05752206305343,1,60.0635271731304,8.041681478135013,72.18448072975882,1
S1026,71.77439739414125,83.10430654641634,0,72.84280027902452,,93.65265851093001,0
S1027,82.38771022664018,84.7792777112337,0,59.842361720297646,6.168303337614151,83.59454198752573,0
S1028,80.38532877236894,65.61456207301444,0,84.0964576349041,6.237719162653204,62.55774514427391,0
S1029,80.95279133915186,,0,66.62681402372829,8.005424018641765,85.28054395856005,0
S1030,81.1698520360946,76.64194212689162,1,52.13440946505059,6.949423823544771,38.10066668989313,0
S1031,100.0,75.77504319912006,0,71.1838901533779,5.744581336323294,61.952867225068154,0
S1032,71.12301980338461,72.33148198219723,1,73.06609787452219,4.97816459738905,60.817735284779985,1
S1033,69.85308725114155,,2,86.82427713213394,7.998197742515655,75.25313106782289,1
S1034,66.23472726102547,51.69240664954544,1,77.07653625665364,6.343865893282931,70.75475258144,1
S1035,83.39175307090595,96.12257540659195,0,78.30063504447705,7.396465306787178,71.73646250208184,0
S1036,89.5476675126507,54.56801145601385,3,75.76525031213005,8.487648288482948,71.20448751830178,0
S1037,74.6326305081415,78.48912098081196,1,66.61199461674525,5.429290627775818,74.35851585582539,0
S1038,65.91812227644967,,0,57.108055927997235,6.945835143384586,82.64209547133157,0
S1039,66.10622541170513,54.976294378219286,0,75.19909032986877,6.795167024537356,76.38929641763812,0
S1040,,89.2291610541547,1,64.00375421409447,7.4556914507535526,69.45037093432707,0
S1041,84.9190500544413,64.3474024779881,2,100.0,8.486991998104521,80.42797247687652,0
S1042,82.51785121966233,79.75891647185917,2,94.15928130591794,5.4046578224051105,87.21797669844422,0
S1043,68.01388351253567,71.31737544206945,0,81.39110438232895,7.683757538446921,65.10358574843794,0
S1044,78.78593587680064,66.53058581599758,1,76.81240490727374,8.237828529992441,73.04955630923719,0
S1045,77.40022970968874,87.09390454905765,0,68.41673708233881,6.776347523251861,92.59050500874538,0
S1046,78.62426316074816,64.6867764548734,0,47.29977283575157,6.835063608528252,56.35582916372229,0
S1047,86.45714533537827,43.06966649411142,0,66.10889998020463,7.502139242781906,,0
S1048,78.68314658529619,56.754638712676126,0,71.82520060129463,7.413780493467746,52.57352040416679,0
S1049,84.14696275686273,75.71668420182372,0,74.13021654000391,7.698823128840547,68.47416622072421,0
S1050,76.8109488338667,73.53712748907512,1,78.45165460628488,7.67353663168146,58.79696004998381,0
S1051,79.4694327842798,46.061184496703866,2,86.58394356179834,5.821633233261219,100.0,0
S1052,83.57545871006249,57.859204728285185,1,57.54122670952839,8.188319797245931,65.94639953844558,0
S1053,58.514130161732,59.85590111116855,1,,8.400139794628286,65.98654149554348,0
S1054,72.16394540371239,62.88342568240085,0,96.11542023537686,7.223299472428358,68.0680201609613,0
S1055,70.35552814848646,48.73720975957828,0,83.87766860547667,5.2070136321403995,75.5296449263032,0
S1056,68.3334658210799,59.202804486327295,2,62.96612304160022,6.862305152799891,68.74493153752782,1
S1057,72.69829298527979,57.799453206366614,3,68.07019895885973,7.233287052328682,71.87381112604162,1
S1058,93.93929573481276,78.80146563666688,1,68.15114895985182,,17.5326407516202,0
S1059,65.61002661168108,79.32769835386341,0,70.5683342010649,6.567834323707584,74.91455737602924,0
S1060,87.61934025509777,65.95865358675658,2,78.50829566029503,5.30875673492975,74.28490594378631,1
S1061,55.80556274061034,62.51144285780976,1,100.0,7.728750669983732,90.6171007585983,0
S1062,71.9813796401707,69.95894036854759,0,73.41561810092774,7.199146377882461,94.94497517247044,0
S1063,77.95303678126007,56.56794849562195,0,81.92676670765451,5.025060202222907,70.99667101773125,1
S1064,83.03466797631134,51.94435084965583,2,39.643419288577434,7.4217578338983765,87.05966530678329,1
S1065,84.53471895751426,54.83690307503996,0,61.271800129980974,6.932189263131651,56.3748995128831,0
S1066,85.5201668223991,59.1126157043996,0,92.11867004889889,7.619697139305286,86.27747748313767,0
S1067,71.81529913301875,51.7113668029082,0,77.24167704441909,6.530161079493487,64.84038721384677,0
S1068,70.4517784880252,70.26883382688024,1,5.0,6.038224719108371,55.044840509919126,1
S1069,86.29571057508585,78.21601943297192,1,82.13241764169155,6.074986448250632,71.0305811487352,0
S1070,73.70434810142062,45.78062378882461,1,,6.354195740141915,96.40755915516446,1
S1071,60.691764119944935,68.35180195702446,0,34.07366344984372,7.022590115897256,76.89608858769354,0
S1072,62.40055343195823,64.9208988662713,4,97.34897816161921,7.17755015850975,97.94381036285408,1
S1073,64.96657256798066,72.78112159751524,1,20.104798648733293,6.771136146630276,62.02027657894713,0
S1074,81.96592892864517,67.81885724654977,0,86.88398101096143,6.492016541204177,90.76561767276783,0
S1075,77.70910883284678,47.64961008095717,0,69.84432473177968,6.578316078393422,63.565439404208874,0
S1076,84.28582424881321,50.326549815999684,0,27.700518125596908,10.0,77.60525874382725,0
S1077,70.8729682439616,68.41193005818961,0,78.03048089031616,6.07512981820215,77.46692525855065,0
S1078,77.90247629292057,82.40293287643713,0,90.71511548473705,,84.58386774278677,0
S1079,83.50708472760805,37.00137680539796,2,76.54996606878832,10.0,78.01184991858123,0
S1080,72.28784152335714,,0,80.52689746707304,7.505215962952663,62.173047394850926,0
S1081,81.48130285068893,84.65470807402701,1,,5.344023200915565,88.08491123348102,0
S1082,68.05688870720019,65.85763773311302,0,36.49498440602161,8.011224644772716,100.0,0
S1083,71.64335384121914,75.70283494437017,0,82.45355240206716,5.907953332958623,64.6591452439021,0
S1084,71.41914527202005,58.15703286743077,0,100.0,8.090873809366116,44.63628677687949,0
S1085,,,0,90.33245537609426,6.746845264755183,81.98911309366062,0
S1086,81.84366976942698,45.30721074368588,2,34.21823506717577,6.472244980612711,68.70111369516562,1
S1087,70.36717191756732,35.17919368213577,0,42.73190067020319,8.9309979625931,71.90235430471526,0
S1088,76.14992942473225,81.19872121715386,2,54.77258064764787,7.679681623191094,82.89884409169619,0
S1089,81.7689599068709,54.21007101185781,1,41.32644187695742,8.16758732493905,,0
S1090,81.35837411235933,61.62261016995197,0,70.7954185520087,7.521903615423936,69.69836845850126,0
S1091,83.98462130767344,48.58980845421729,0,77.0814844932494,6.466666571448282,72.39808772901462,0
S1092,74.81817418588692,48.260424156825735,1,44.255440901637385,7.733625304309849,97.51606300776027,1
S1093,70.92042025547016,65.56627219867536,0,83.98831226695951,8.451058471221353,74.4811136658173,0
S1094,75.0433814691232,57.78591928210095,0,80.81987099236025,7.161685652221064,54.22922270696064,0
S1095,55.751986792503644,73.29159397192578,1,60.133135752813345,9.161971125215807,54.86594430174216,0
S1096,58.63465033092295,74.33553786571429,0,66.89460425228829,8.020584643842291,76.22767874655362,0
S1097,60.12760465174717,72.4918950485445,0,34.90357883824543,7.2543790597259346,55.92915198894434,0
S1098,64.03303806878222,71.34041107299821,3,64.01928118683267,7.3017838372213815,49.00314420921343,1
S1099,80.79729072068125,,0,70.13292953434586,7.164684554761149,84.16857585494417,0
S1100,65.13425133567927,53.0536872333716,1,73.0374567141074,5.49851345728601,84.95197444589832,1
S1101,71.46204935152733,67.23091187315916,2,76.81978441636313,6.891913365029674,68.10981545769835,0
S1102,91.59073957343278,83.85765748727424,2,74.3963513781503,7.265423782409401,78.69854865842734,0
S1103,71.72483234726289,85.70355733073251,1,65.24181344921793,6.5006978544801655,,0
S1104,84.85018682160504,48.095308909175984,1,75.1515089659777,7.405212422445634,83.63871017550537,0
S1105,64.79658783988148,63.62702381681782,0,88.03657587958446,7.025568988426134,83.67599846303679,0
S1106,73.53474930558843,87.01369534214165,1,68.2810346804264,7.928430269318522,32.307382599564384,0
S1107,64.59973534107303,75.11310747278691,0,75.71670803497018,7.795734857278878,70.15201666428169,0
S1108,71.93160308919325,70.73368244071682,1,66.64892087204586,7.200583945101809,82.28646701085013,0
S1109,86.08369764948874,64.9524142919148,1,58.358339503367716,5.359344530437602,,1
S1110,55.272154921691815,62.626787040091564,0,79.41183400451688,9.148867286417405,74.57924222815723,0
S1111,81.2130837225503,72.03506688326453,0,60.00593300493631,6.8297308017146285,86.01119970684924,0
S1112,78.85282722798733,,2,76.95064421785943,6.902936255565842,75.2948037320346,0
S1113,68.87020053163846,67.40389930537778,2,70.50859668718081,6.588974981560734,98.12671067575786,1
S1114,58.64730574733855,69.10038188561052,2,64.52917582263743,6.413906012721356,92.03178003649793,1
S1115,76.86555409256644,58.50699860109101,1,64.09342902136011,8.852869657600628,72.10297355245706,1
S1116,69.64608749123437,75.44981123434013,0,60.853822136517635,8.663253184463295,70.83126126840354,0
S1117,78.79211453625645,100.0,0,40.37557890239775,7.533272084293205,28.394814316778167,0
S1118,,43.12218704943495,1,76.89211171291046,6.870999814683129,68.77596484975159,1
S1119,95.22134669585098,72.53617533865972,0,74.16784285500977,7.7429415820165035,52.34769771663157,0
S1120,73.1277324703237,57.35733875933532,0,85.29406454407288,7.088556378123247,77.53967267200996,0
S1121,63.71803008853762,76.0836360852695,0,60.433775758477694,6.771732498012281,76.44593137792003,0
S1122,78.15130761947579,68.65180462659005,1,100.0,7.405727105807596,85.13369209642845,0
S1123,78.63996020766118,78.66596683659449,0,63.164752938706606,6.470610703665466,96.34672755117106,0
S1124,92.31025090288523,84.45709207112291,0,,7.302717116804119,73.5796891252485,0
S1125,86.02133495097495,70.69389564875453,0,52.11367144283203,7.245065110745963,100.0,0
S1126,80.28245270979411,83.8487320377985,0,38.78939674186608,7.723523225509509,77.71922312351846,0
S1127,93.55963469463474,35.17982948695852,1,97.5873020630763,,53.03653770053387,0
S1128,61.73484334812579,90.26633217082433,1,94.67921303383591,7.852163623451849,65.00684999823808,0
S1129,68.32298160700303,73.25087012649276,2,80.81341293192564,5.912426208459394,68.03605279507485,1
S1130,64.8810887031337,83.08980698043254,1,53.870401460035964,6.3129200180545135,83.47403441845405,1
S1131,71.32228236213078,50.9217395722187,1,100.0,6.365289929025107,58.84400159633119,0
S1132,59.4797662293243,56.3692216575253,0,63.66905509261019,5.713537873151586,69.23238587504966,1
S1133,83.62181136177286,70.04313611802684,2,65.15753503792025,8.218794740062796,71.42335550726261,0
S1134,73.33332763481472,67.76146954927552,0,95.87066344784937,5.8371370285722435,66.8300670775113,0
S1135,58.35032446596811,71.96296023213985,0,81.8603905206557,6.161300395111994,86.98264610687549,0
S1136,63.8130510255095,83.18321225301952,1,100.0,8.50648925258397,84.26114221544569,0
S1137,79.76216616940235,43.28691558576011,3,74.47700068574235,6.31530075777562,92.66507416166334,1
S1138,86.05751881473257,81.63346700404233,0,62.853445607582955,6.774228777834284,,0
S1139,99.96077070030144,68.11594673941097,0,58.98751209772368,5.785565198900157,93.24044108236643,0
S1140,100.0,65.14705394425633,1,36.75406881056872,7.999541449147221,52.17604662436727,0
S1141,80.97291319931196,47.40438671861153,0,64.98527608948832,8.016083493029278,51.78585118416228,0
S1142,64.12554255961763,75.04268135727611,0,90.60268009889285,7.886735084948136,54.57917302254059,0
S1143,50.41544463122429,34.20249008556548,0,80.77901510780924,7.645035793832732,74.14738708211343,0
S1144,79.21253754812604,77.07751615734198,0,70.3655441180873,7.088306933223372,93.2380498652441,0
S1145,66.24470685627608,47.110518303378115,2,52.09118001130607,6.3707479996744185,64.36572670976592,1
S1146,71.01571287784378,68.74841077664463,1,74.08371432422928,6.022036832000775,66.372905520569,0
S1147,68.6548384112823,66.33163627740912,1,88.23064669351672,8.547886632114004,70.5437127150506,0
S1148,74.31050936300338,84.37353406211437,0,77.75294661645972,7.917765126071908,83.16524997420248,0
S1149,88.79176276945172,65.49882763380553,1,73.00123305340047,6.168034927359491,66.35799514632681,1
S1150,77.88458280934414,58.28206014396068,0,55.65476224093829,7.0477981218677614,65.46532867333597,0
S1151,74.09638195553575,60.90756225640316,0,85.60927265401622,6.639861888417984,52.47367578627696,0
S1152,63.57215496609026,85.82035876256529,0,13.62571326260474,5.6461471531531,64.85246222116606,1
S1153,55.90380466354772,75.50815756853251,0,76.89122275957261,7.213181651945563,92.83938804696533,0
S1154,70.16430509112003,62.60118025867574,2,100.0,6.501408802912965,75.45481613565563,0
S1155,75.35460939018016,64.68975012049681,1,42.84927902802676,5.8569560004451775,62.162327836033356,1
S1156,97.2151589629586,46.059520731803744,1,65.65534981537542,5.225040935029885,93.77830356366294,1
S1157,77.56329425767463,73.43863881192158,0,69.85760217775493,5.123435799753195,64.636583967037,0
S1158,87.7928741322767,43.362580092263485,1,61.67350934698161,6.554288646766433,96.71928927171945,1
S1159,70.00845281753017,78.52515052169639,2,,6.897886035490101,96.4577116464016,1
S1160,61.780674802995705,69.80070229487772,0,78.50411825839542,5.949639027805221,74.8961860219947,0
S1161,64.41859885321153,,0,72.74140670585174,7.780887313188673,50.023207562053,0
S1162,67.29728722557095,52.598102247859714,0,84.35090610104704,6.921344149860445,100.0,0
S1163,100.0,,0,70.30151276329136,7.69226237271838,80.19641690023273,0
S1164,66.14335984930736,93.17602781292288,0,100.0,6.780507051774751,68.81780760447056,0
S1165,86.06187044483613,84.67945496407981,1,72.72424480582134,6.055458837751473,89.2980466364009,0
S1166,65.16487386295569,58.253031277881405,1,73.51507777281468,7.136941085366336,85.23684459234155,0
S1167,87.17887615449092,71.13554399722827,2,39.21157510768104,5.484790585578013,94.97501359818304,1
S1168,80.61941159327036,68.02799098981122,0,60.217894108538374,7.647326224763978,63.40243538112166,0
S1169,74.12034522810292,71.9473821435182,1,90.65279827239658,5.875420952184239,79.09557460439028,0
S1170,75.5108496863748,58.21847389621239,0,45.961776693522296,8.101879031840138,55.02607631608101,0
S1171,68.14254765484732,66.74951436218971,0,31.16397086256481,6.593853104509702,84.66135033185975,0
S1172,81.35286641778497,45.62726674612601,2,70.58167848137634,8.2750402195719,73.632874085965,1
S1173,70.54019823591064,69.89172832615314,0,94.67340113454961,5.652852173694022,78.496148087789,0
S1174,61.29273083479302,74.30028942790565,1,70.76286211653026,6.186676359125416,71.65840441855248,0
S1175,60.66474910816457,64.81612822298563,1,63.949757152725816,7.457121936218285,69.98417887058622,0
S1176,78.07105501266544,45.38928753181297,1,36.54721712066236,8.404596512112105,60.10830121576458,1
S1177,94.94909507692522,81.83944607992048,0,78.14057420863948,8.999930689977907,86.64688343494774,0
S1178,77.91989936288125,73.10335053189924,1,81.9029519598948,7.049639396417048,97.83526458786301,0
S1179,74.57634008668141,57.83578863218632,1,37.928815016180195,9.205294756944106,65.09330625743864,0
S1180,79.42991367523051,,2,90.42158407654993,6.652402540209484,82.85664807953752,0
S1181,,46.990628361054256,0,83.78251946605796,8.318521146835566,80.91493799456387,0
S1182,78.63259001636628,53.64425821110934,1,90.38168696585223,5.869382803648834,74.12956498158174,0
S1183,71.06887322999515,60.470641151000045,1,80.50345165300016,7.504240608235905,49.57446826616453,1
S1184,89.27546452071867,85.19789137192211,0,81.76628875860374,4.189968350972265,53.174442382230524,0
S1185,81.14507726153936,59.04695252757534,0,79.3729761766313,5.654090786016251,61.50428878157487,0
S1186,94.42907190395191,76.96299123060263,2,85.63250178702152,7.560012157696918,39.775924422849094,0
S1187,78.19881324666288,60.46357315993788,2,37.262360155769464,5.425073377359372,96.52849167848984,1
S1188,61.306371619353996,71.47126585192625,0,42.980930194812736,7.5123395329470215,79.88325166687542,0
S1189,59.58208960905202,66.02046296998677,1,56.75185779658411,8.087749744974836,73.52062322561405,0
S1190,95.81113518677499,80.2227924012984,0,67.66323690989404,6.398415768738066,38.95622689171474,0
S1191,96.68398864939957,60.51264126494019,1,76.98646461954723,5.837256453190962,44.81806631967359,0
S1192,73.84576944060879,45.984604499965826,3,75.8442697581193,6.430976060974313,73.96253778900866,1
S1193,71.40175214636815,48.65271356090914,0,90.10790460620856,5.841025216978977,100.0,0
S1194,,60.5537150848014,1,90.67291537444632,6.8785437303808985,62.82169286603069,0
S1195,62.71545181547815,50.51316041050726,1,54.29706805071173,7.122508749865698,87.82076823059901,0
S1196,65.26327577253008,73.74296821951371,1,74.29436998090848,6.63278785228383,66.32156147720063,0
S1197,83.71992153626853,61.47924569198691,0,54.739032141006916,9.009231088224187,74.88382814862186,0
S1198,,100.0,0,66.6115533096358,6.13671541637563,93.43494158228691,0
S1199,75.93853759935915,43.67199566808015,2,75.7922446428729,8.669719815106374,68.4647739173353,0
S1200,74.03868521770585,70.85086450193722,2,8.643182623509567,5.750512916425464,62.95832147116587,1
S1201,,52.20865767092064,1,100.0,7.087333083929859,96.68912886599622,0
S1202,92.88978233576461,61.0923812346425,0,80.19535619315455,8.419726490257684,74.72892513781753,0
S1203,77.08701888282094,69.97987262676762,1,59.27734104255869,8.357628582703981,91.45928144937861,0
S1204,83.72726551932229,35.444800751759985,3,100.0,6.495690522759718,63.03601770584501,1
S1205,51.39793478762773,71.31556563503239,2,63.7462389312485,7.666083664085614,96.5067873433756,0
S1206,75.41537917683858,94.64070447183835,0,72.38534894490503,7.505414900397072,78.37803639255378,0
S1207,65.88123675648555,61.6518638228397,1,61.23191541284271,6.352072985688713,80.95660201943454,1
S1208,61.374243274916466,71.63730999527714,0,99.73585307398011,7.739139924577689,76.1060689828668,0
S1209,65.46217159685499,82.34890370375558,0,68.11027528649416,9.234990606462848,65.91240028805598,0
S1210,71.99051871159025,65.70465099962205,1,72.69071381331116,7.566040798075157,73.97307503208046,0
S1211,86.99083050827215,59.866557360559234,0,91.66807875445804,7.679627654884805,66.91855619217014,0
S1212,60.08328738712523,36.13969034789547,0,80.53251023429938,7.806585973840849,89.35273700231657,0
S1213,76.36757791113301,76.97387007152963,0,69.0217348275867,5.246828071173832,70.7510853269014,0
S1214,70.18996679999705,,1,89.98703750243433,7.552269607847546,50.05588435529761,0
S1215,72.06792286765646,53.822426080565734,2,100.0,5.779888510193767,,0
S1216,88.03309390365524,69.77235394388771,2,75.71338807838958,6.29213567116264,46.372509562873205,0
S1217,82.45738524404712,59.82847500471346,0,72.10168158170619,9.594330137426203,83.88753212086306,0
S1218,92.04877728931292,60.602034164382644,0,73.07128750514347,6.696086068409428,55.57593101802489,0
S1219,74.1459318490012,76.48807618552192,4,93.58773101496732,6.111791074846927,78.80137241341707,1
S1220,67.64868865995156,49.26264624146618,1,59.214440769407396,8.38309909468167,76.18519227986262,0
S1221,73.313694197434,82.66241400503262,1,64.9902839251901,5.862787596589148,72.96466248144357,1
S1222,78.90996149525466,48.43239371634235,0,42.32602691572046,6.463097026972387,,0
S1223,78.11888030144453,58.722180283026304,2,48.690378472480475,8.4988626015834,76.53285659344841,0
S1224,62.9873431331996,94.92124671693207,0,60.67959995143653,7.0513210783695515,30.6443241155048,0
S1225,77.0858773795345,83.78296666299391,0,68.9931341069124,5.126083545848164,68.82199614642415,0
S1226,78.73873996166687,69.36645589493617,1,100.0,7.652787537187143,80.80165014501489,0
S1227,100.0,54.83257698298297,0,79.64787048865404,6.524240941544189,,0
S1228,98.52213533538004,60.5901877062015,1,53.582586816583714,8.847821783836293,100.0,0
S1229,65.76107979329416,69.02585440419975,1,56.89635126344592,6.2725756628390394,52.189591782635894,1
S1230,72.55139966140989,68.52532525275439,3,94.74547629815177,8.261471168471111,68.40439521099563,0
S1231,58.43869597795596,66.72780698523653,0,90.27898627532547,9.130837638838857,48.94216298067204,0
S1232,68.91151583243817,67.56834480282141,2,70.50669838403566,5.978868131426116,98.31816120176133,1
S1233,79.78726004308409,64.9987484641284,2,62.034523620301016,6.768144375090168,90.20569933037682,0
S1234,90.4702434506588,47.812297701039824,1,90.24879104268356,7.46635032897334,,0
S1235,67.2509939470767,60.768849609748344,1,52.12011171895564,5.971185096934991,76.65751778016336,1
S1236,68.15024271918644,80.80473675581585,0,77.05654716503541,7.3243539360493966,96.09009760559158,0
S1237,50.23253164313614,48.84331983428436,2,100.0,6.730095654992809,93.38120311616223,0
S1238,74.0480089534611,65.3462228384501,2,73.69640228052623,6.705918914087961,,0
S1239,63.25102705768524,56.52344499720819,0,56.03902937329112,7.058726071249734,81.30687775651616,0
S1240,69.64672687160711,69.55890601157355,1,77.38663664808769,7.085517658694277,68.4123472077734,0
S1241,65.47767066198894,62.55913546506454,1,61.53984305772374,7.196656922891249,86.27399731228093,0
S1242,74.86884934896932,88.68351130964537,2,44.90591481243854,6.281408385451859,87.05667048408183,1
S1243,54.90725930372042,75.09216415866355,1,82.61864848369792,6.3337939307802955,70.94980048652864,1
S1244,58.395457055308114,49.63475567911904,1,90.121019209895,6.857694893410203,68.38001729865213,1
S1245,100.0,77.39719216259178,6,64.4036799026937,6.946290830517046,92.13301231293136,1
S1246,60.55092902471163,57.15487401233112,0,63.20975786626708,6.47338079206406,,0
S1247,62.83857305854433,59.92205080071453,1,52.69182295980707,7.388727570503222,62.00966750536374,1
S1248,98.04296233985576,72.39346628149971,2,67.3011591915838,4.822285901589764,69.78597319283242,1
S1249,100.0,61.115536123778114,0,59.87736910738256,6.123440489309258,79.61492922327517,0
S1250,61.9412004540959,80.49998142852138,1,51.801411639341396,6.664086608556574,81.78558396397777,1
S1251,71.58101251854363,57.156859138812464,0,100.0,5.9726617755632745,65.64213825213929,0
S1252,80.09866661128612,59.33474826372091,0,78.39687070149114,8.95503761777067,100.0,0
S1253,96.74437173286711,58.810807490326475,1,80.30311194452834,7.022634216069942,80.75352424872274,0
S1254,64.15771505886116,60.08105752302946,0,85.90119224078369,,82.50213453552885,0
S1255,73.05666584869468,83.38868177766938,0,83.87865190167649,6.420123150441447,100.0,0
S1256,85.32805091274093,76.80314811054424,1,62.56402084965913,6.981065295552447,66.81501399608656,0
S1257,81.21719289359942,91.939215356169,2,74.90594721348641,5.541695842836719,72.58508997692356,1
S1258,71.48612714523881,99.74701885458956,1,65.15745128330812,6.796219556685912,53.946844335653935,0
S1259,74.3941244258075,53.56996155294724,0,77.89234524597988,5.875589885685093,71.24239244394275,0
S1260,59.50125029956022,68.98586778258205,2,76.15043594724696,6.667115698292605,50.17715961703419,1
S1261,73.14191507230402,51.533195566991935,0,63.112115304444366,3.9281001204370036,85.96558966709075,1
S1262,72.80335011989254,57.11351701152426,0,,5.646396149867769,80.71994800111987,0
S1263,78.78603867551507,59.178844856420625,1,72.63226702537914,8.7567116854172,69.56689108738335,0
S1264,69.3360733741718,53.19983176206416,1,66.32314921946862,7.996477298929051,72.39322067491443,0
S1265,,53.27357817942221,2,35.97329954124235,8.582847203098277,86.18346264302384,1
S1266,88.15258981383795,65.98001870071643,0,79.13791183999692,8.66526552360511,55.82726260976163,0
S1267,77.86515193202159,50.9659421425903,1,87.37615802036996,7.807584908997373,77.26668587924037,0
S1268,80.22107690079044,79.78977742792686,1,100.0,6.456557577545038,85.1921569033399,0
S1269,76.6378641709344,55.1514504761548,2,62.9584449402281,,45.483614761484134,1
S1270,76.00101271709697,100.0,1,,8.376093526539636,84.9590080912323,0
S1271,67.34130359748583,61.680617686498465,1,50.030421452093655,7.077481569264869,47.21500058781493,0
S1272,79.7979311400797,69.00824698683873,3,73.75555431676612,9.992827379658287,72.11848825837548,0
S1273,74.83256081903812,49.865223417475505,1,73.6417272500504,6.561882428787095,55.385742334476376,1
S1274,100.0,91.88528461378695,1,55.396665973838516,9.367475025736576,96.89994526864024,0
S1275,94.88025882970291,83.67300953124082,0,66.85126212393088,6.811849851165094,55.48606313356244,0
S1276,80.63015863067801,72.15682219030558,0,34.38401799599158,8.603258316710441,47.59696172855388,0
S1277,66.8433134836628,49.144764317086086,0,86.67478146099845,9.036030084678945,76.13363426554105,0
S1278,62.65106233619898,70.94933628814468,0,56.127773325900996,5.772460086183145,67.38075231966684,0
S1279,90.29371543706638,,1,69.37618567456637,6.4180023060509575,49.926316341377074,0
S1280,79.15299070176566,88.47297368862705,1,44.31951841663998,5.760424929161763,82.4130431864776,1
S1281,81.76172084069933,79.32872624594442,2,59.517635209691676,5.524066614090132,42.13601500080513,1
S1282,55.06496815630969,69.3361465388283,3,64.96735923668452,7.8004802206299395,57.42014443867,0
S1283,87.12926177869817,33.890740714537486,1,69.79676475470505,6.7640459557011745,64.79650767326744,0
S1284,81.45304405857236,54.23217629877357,0,78.6351852794052,7.062839587828163,86.83555827448224,1
S1285,62.674831787026264,77.62865584239822,1,95.90335150275196,7.667486961967936,94.72749387221043,0
S1286,70.34170231060061,84.98037168412418,1,83.18879696984841,4.771135799542103,91.64451595724117,0
S1287,79.16460645227824,83.52837736088983,0,87.3189617766324,8.544119204748466,71.54761935260427,0
S1288,76.62960158027492,45.71181796861963,4,96.0298739789765,6.581087003992099,35.1630680832775,1
S1289,72.49394577035734,,0,80.25474186740855,7.638881567485429,,0
S1290,74.75814078320847,82.21721303076102,0,69.33927047885808,7.744855407074256,97.52917982759382,0
S1291,72.97627146151737,44.78330208184857,1,88.164014312591,8.644955872916608,,0
S1292,77.83075014522963,67.88933678477468,1,89.31416714730982,6.87417113466036,81.40718415589951,0
S1293,93.65790367591788,71.83379357631839,0,81.67418508338864,4.451635049148483,54.96795577058476,0
S1294,45.20009870882443,63.78929581214571,0,43.81670325335015,7.068553136144273,65.59508794194537,1
S1295,73.15779682588379,42.06973402438318,0,,7.240848229793921,100.0,0
S1296,78.11814905646936,63.4402264589678,0,65.05262612745129,5.75888696903186,51.33232744537386,1
S1297,79.55192787624519,63.41772397642966,1,84.03317837324619,7.176988785319526,55.63454034959383,0
S1298,,65.92698633633144,2,69.61576445672992,6.56677787832845,89.08082481864454,0
S1299,54.91933861025701,60.11140004404903,1,90.46363540211014,5.388695260860987,67.10145208311155,1
S1300,79.93594580456931,61.79782985461946,0,93.67425931739706,7.80578187401114,55.09191804472605,0
S1301,96.72820256997022,67.44411204714231,0,91.58506843618972,6.323529818922645,98.44753885956825,0
S1302,57.593663141006346,74.19436446957596,2,91.69973016064516,6.512344942315517,81.37689565032224,1
S1303,86.36593616437825,63.738025320006656,1,51.334109716143075,6.444905383255499,67.89118136996515,0
S1304,72.05769732252527,62.26491500284797,1,78.68743899020396,8.482574316956976,,0
S1305,75.26410785005383,69.29295653556241,2,59.064477262802505,6.950900605871929,100.0,1
S1306,63.365217871552616,41.10717703746746,0,40.31680603553443,7.094919784654985,73.60877090005428,1
S1307,71.98652593172947,74.67849178117041,0,64.82551962299495,6.471236614736323,96.35724899951191,0
S1308,91.6005351363875,67.99211664027858,2,93.84526538129052,7.555440186705886,88.29813671375103,0
S1309,82.99186290385248,68.55570937236587,1,78.29335618213234,8.619181658140807,65.66557501338825,0
S1310,96.78773926491934,81.4502803063225,1,100.0,7.777432980983807,65.7929421601635,0
S1311,,40.660582579324526,1,73.190142614826,7.8242403536018275,97.14103836694272,0
S1312,81.26904014715491,40.36632582197451,0,100.0,7.727476247061214,97.40027732191965,0
S1313,96.9272143140135,71.83325383452927,0,73.19538205930692,5.343708828026604,43.96934438206825,0
S1314,81.26791790485959,67.90036402820078,1,70.40464533076725,5.948657401961034,,0
S1315,85.9358581215647,70.38247720468705,0,46.970978417413065,6.754015127681049,72.06056312442209,0
S1316,72.4411485575835,61.53022094758576,1,89.99012932526982,6.128963149008129,57.466829392983904,0
S1317,76.79854979031046,,0,60.96174767907138,5.722555570292802,,0
S1318,67.63091412039668,81.05694380187568,0,58.35314249064291,4.753389110955311,52.406451344217686,0
S1319,87.87500721513824,74.77575211532138,1,,5.38416494423903,,1
S1320,61.860356522621615,64.34840158233584,0,90.84800803832724,6.69216933118888,61.224420275680515,0
S1321,85.38820410901194,38.49234857339836,0,90.37692460979221,6.916688359817338,66.00333977350402,0
S1322,73.71218730993809,78.7693069125198,0,63.48055958701034,6.04833546864331,72.85634410140814,0
S1323,90.05496512160784,85.1042013270463,0,69.08243442450546,7.094710255219871,57.750933409512214,0
S1324,85.01042786477512,77.02381776777572,0,68.92262084147467,6.479399630909948,99.17086446197277,0
S1325,97.84775389176161,55.685006016854906,0,84.08532725210317,8.308688304848618,81.892531734306,0
S1326,84.76929629366374,77.43312151134862,0,97.96416403289614,6.806049083170195,100.0,0
S1327,,80.04741591146023,1,76.62663799357132,7.835597057682058,71.43872049475169,0
S1328,75.19656192522159,89.8234274691872,0,100.0,7.243856514753631,65.21936060324626,0
S1329,61.93591368886221,55.73446106080859,3,86.14949952459511,5.317514752907134,100.0,1
S1330,69.7806418916047,64.82963581638207,0,65.77361090594047,6.891210189115389,64.75104416201624,0
S1331,94.13474119932066,78.46180871600838,0,84.91680531032155,5.51725108080558,71.147327648174,0
S1332,83.65040573077235,68.80374100013421,0,100.0,6.870254994139694,85.52075856795703,0
S1333,67.61283485705505,52.35741357128215,0,100.0,6.1058430193231725,54.19638706724355,0
S1334,63.83539160271521,73.80462799037385,1,91.36404420278345,7.45835564018177,85.3807149566984,0
S1335,,76.10126287341234,1,70.46214016584399,5.389174795040558,83.33355305863364,0
S1336,61.401278207426465,69.23148054863402,0,,7.017642190335325,94.30920508860532,0
S1337,67.94631667124102,71.07418898051922,2,80.36925106410504,7.686898699075833,88.24071204816225,0
S1338,79.74411365861492,64.37811737639977,1,,8.089114683170795,94.79965364604114,0
S1339,89.86374443328036,88.69590510002483,0,77.80784419986013,6.082998690538933,72.23324959186543,0
S1340,83.30513766669327,55.390309428022526,1,78.1815736936386,7.02130116664861,60.197274900687034,0
S1341,48.5045258968228,59.77750932130709,0,70.92516137770767,7.220976367493888,,1
S1342,79.65240074836312,68.15379718938536,1,64.09796087263818,8.856551535451322,49.57287015164853,0
S1343,76.86440287879094,,0,67.08157888040948,,51.175790738019074,0
S1344,80.96668342447232,47.03677561867649,0,,5.906676945914741,83.0420486481413,1
S1345,95.39451617981449,49.65584550328385,2,100.0,10.0,99.9997767708376,0
S1346,51.241140678343086,39.471800891713954,0,65.68515198644556,6.67228325925283,77.03281353462664,1
S1347,68.90675889770674,68.45773315354579,1,70.94701736640485,4.730807428116071,89.98885919523529,1
S1348,83.09087587352026,52.34371855910838,1,54.423202112682844,6.300939827982201,42.067156360448664,1
S1349,57.020867206552694,62.61629845974917,0,82.8993591965168,3.6773521342427657,66.00728060510181,1
S1350,93.71138857664211,77.25929465848391,0,94.60022521692909,7.289104854947384,44.016835085707854,0
S1351,80.4202793524079,59.01840190904015,0,99.2409612272216,7.971741712333863,86.48657533165856,0
S1352,86.15900783012084,71.2379483184071,0,73.66056144452278,5.9060051485974965,49.24429877457577,0
S1353,69.14867606173847,63.80926929147589,0,80.33837709902625,6.435131293298192,53.55489846347764,0
S1354,85.76516427959453,77.40960041135011,1,67.23609420093932,8.108384986442696,82.22440327938244,0
S1355,88.82165867186846,74.65179294287212,1,79.50433623450141,4.899741442184716,90.98918963228367,1
S1356,,58.31292825355546,0,75.65137274498586,5.414114545360546,,0
S1357,78.81281071238435,65.63887545239366,0,71.04875897052678,6.726261781941233,83.12276006573616,0
S1358,79.2441188713807,,0,72.47956646098834,6.097198195039818,82.60461066996947,0
S1359,65.63985682312742,73.50727618355735,1,78.13460110108568,6.647359723031695,70.55317024892045,0
S1360,74.22965583711577,48.442531191484164,4,64.70525617277984,5.483499616712174,56.48471227382002,1
S1361,74.1697296105717,77.17865285639935,3,65.63505774259541,7.257176183105809,83.03826251015428,1
S1362,80.60072637224194,52.815451285892664,1,100.0,6.8209202977840135,,0
S1363,87.99789096292353,87.77518297945409,1,100.0,7.65902859307964,88.30439044944414,0
S1364,63.29756701625909,82.33738375777435,1,48.321394926387214,7.240479400576351,78.99306278526235,0
S1365,74.49989163616507,72.05839666285762,3,47.32951832123094,7.2480280869952285,55.304001384330775,1
S1366,93.77746657190768,70.20125980810671,4,52.7712490994533,5.264431174563864,85.04544258190688,1
S1367,67.07694125424923,65.07354841561612,1,68.14080852930601,7.591109861973846,73.97790271634653,0
S1368,66.13299979251616,77.49933531960039,1,86.12404919867063,6.602960317834669,66.27620089082652,0
S1369,78.42767430197432,62.80910562753114,2,80.6425529568689,6.800082030820459,69.2858266049006,0
S1370,,71.29797818895851,0,73.09656046204843,,62.955885145753925,0
S1371,76.13711266672792,80.20708113127232,0,79.52083984524218,6.136677332179726,88.22150046167086,0
S1372,91.94752708524388,60.13470839064175,1,57.542449180689346,8.6214211941508,51.310164262719674,0
S1373,86.28152779079832,59.37330164013028,0,65.60579010845287,8.733370359247711,58.10422504309731,0
S1374,86.10184080268074,51.27888326985757,1,69.63829812923565,7.903341324837246,68.73963384525288,0
S1375,82.64939801588912,,1,41.48410590030665,5.823255027079094,99.82001357182399,0
S1376,100.0,42.40246563981897,0,49.09641631499327,4.3764481052476825,90.86848878548558,0
S1377,73.53805973360747,78.21760304621742,0,49.81181089700214,8.29460189711193,47.74654714804439,0
S1378,51.95773249520183,93.32480358915879,1,83.75394802630794,7.1336620735972955,95.62155342003977,0
S1379,95.2510523382057,87.95460520858428,1,74.4163890743035,6.105763035014245,95.59072347173894,0
S1380,70.50760682851809,45.23481715922877,0,80.99910160133098,8.408274812506724,55.21586678363771,0
S1381,77.29456533211639,78.1479654017868,0,36.88621018355564,5.966129342946629,33.656667670456876,0
S1382,91.71460821832632,87.9094888989298,0,43.29579965107114,6.491013690122869,72.84445404244413,0
S1383,56.7728855072929,61.6046602696587,1,81.93787792461691,7.629868437180393,91.95879054879715,0
S1384,60.98023343072633,69.4202640291007,1,19.98394645001109,5.663676602062147,99.46019151680323,1
S1385,56.784664754573754,39.88949728873462,0,92.04332843679649,6.86862290847152,60.06676377021999,1
S1386,66.47036451969491,71.73430635167298,0,37.18029141658978,8.306964620696034,100.0,0
S1387,81.27563927220392,53.110163787913955,0,85.18020805464961,7.253332892345356,38.35308166693278,0
S1388,82.29025411375325,70.7948902507612,1,54.00547675437467,8.496911604188417,68.11119017873139,0
S1389,79.31529015194265,46.14315908935568,0,88.88026687308849,8.360322829607197,67.32462929254804,0
S1390,59.0468093932916,75.60001514268635,1,100.0,7.009286001305943,92.43739239878884,0
S1391,48.27875876040827,82.34317745597366,4,29.08280265781974,4.195910348371134,94.77283945503648,1
S1392,76.6522430246846,57.035481935987654,1,82.51678866149167,5.673073245741632,89.26757848693433,0
S1393,70.33868759633997,52.08308386025392,0,37.453071155312685,7.916000934861387,52.39119922006569,0
S1394,81.51262926059934,37.81567740430026,2,77.68184059991508,5.139698295657656,87.80190450878275,1
S1395,84.42344351465525,64.27021052294752,2,66.2781010560659,6.60796889369566,82.14467149749586,0
S1396,77.65889718470419,59.85768492005753,3,72.33608180431318,7.406176736426839,47.26024983552655,1
S1397,,46.28572822712724,0,53.58964702609174,8.763484834913813,40.92777873917301,0
S1398,78.75053648938082,74.3422625883704,1,84.04973997093701,6.3099763642547035,90.60782864033241,0
S1399,82.3607764672176,61.70041465389491,0,43.92955891653314,6.2278147491002445,71.11841118433209,0
S1400,67.54392084556142,52.939696578966746,0,92.34947073217732,6.937065080205399,53.43708652072199,0
S1401,73.8446630340225,60.23598632103374,0,62.63349448101671,7.4210955637721225,70.6692491406597,0
S1402,78.36131315988348,82.99826354501462,1,44.75156780674439,6.814903807124687,79.82465729781124,0
S1403,85.84634170500902,76.44111721257312,2,98.70886282013257,8.259122018662973,72.67438197331924,0
S1404,71.27510593330513,66.17963513902114,0,68.78783224943524,6.0410274003658335,49.16822154998262,0
S1405,82.25400706878536,76.66747025850793,0,100.0,7.144193120054852,100.0,0
S1406,72.80993449701545,51.747232610585655,0,91.98441032764016,7.534255252296423,90.06748750380628,0
S1407,74.58949399206243,68.45318141017843,0,,6.519720628112972,68.63396077322453,0
S1408,85.95422850428888,70.06251262681059,0,68.47018358313852,8.00765192387196,69.2784855055634,0
S1409,52.08327554735013,61.42228888101782,0,72.17868291394434,7.178750249490819,79.75179831541081,0
S1410,60.44233206310287,74.09641670340385,0,,7.9466148557827285,55.9260576681547,0
S1411,58.21377523068615,57.07393163497768,1,77.87531884060807,7.232924929658599,79.1628229845915,1
S1412,47.99660656182034,75.13748990886565,2,73.17326717973627,7.451685485784673,52.70828101022775,1
S1413,67.86082671813787,75.72602280143809,0,66.40216743223046,6.241129891780774,72.87145253047734,0
S1414,84.99320679673289,27.159761670241075,1,69.08997335461649,6.243073953770532,55.302856002290255,0
S1415,72.5813912034091,84.66427984914165,0,93.48265754220984,8.469275775914532,56.11065628277257,0
S1416,78.37348098330223,25.33314408506144,0,70.06669631435454,7.762612533424399,100.0,0
S1417,89.07060996052951,59.375313642214245,0,62.89004911663285,,74.94761430855287,0
S1418,91.9322335872123,82.35487247960857,0,59.83887101895364,7.2170361095857976,77.31850376641869,0
S1419,75.17034478328632,63.55798584646583,2,60.03222723094908,4.151468735757489,41.81792222269883,1
S1420,92.24303067483277,47.473396245426414,1,44.76227207123023,6.3112718035607,64.44797186366324,1
S1421,77.1055199012093,52.68768113596661,0,56.49324445012338,8.153233211943887,81.37939389926956,0
S1422,65.95122131407045,82.37668044848867,1,96.97156496170581,6.849825293546608,77.10618025516008,0
S1423,68.86719577361518,41.09893657231906,0,66.28121330978506,7.141495203599238,39.53552285834071,1
S1424,58.233561849219804,83.80587541346824,0,82.67941003400978,3.3803425041757467,77.3142066665133,1
S1425,65.34239375519617,67.22857061340795,2,25.38238267778498,6.529295658236618,79.86494085679503,1
S1426,71.70379974310686,51.306465373805935,1,80.22960356138583,7.405926668592655,94.5401919711792,0
S1427,85.64302023254322,59.83638898776233,1,67.09565132135596,7.5583478504780075,63.516302096986514,0
S1428,96.6492379739918,53.75885922457702,0,61.33407958797084,8.154826853601238,38.12690047782927,0
S1429,59.413821815475515,80.1271528120194,1,73.25727923358038,6.747690697871886,,0
S1430,80.71392961911903,78.25398933667974,1,,6.801213024851021,56.44695937810309,0
S1431,63.513472730109584,,1,31.770251442009595,5.401459084708165,85.78734204447959,1
S1432,81.69636506155842,62.349710340729324,1,,6.754574152992163,30.532214585674915,1
S1433,74.42696019174728,55.91540072718012,2,,5.4861099251226415,66.82629663883804,1
S1434,54.029130089829636,86.10913955843118,1,64.34903581453867,4.7825558562335,96.81272757723607,0
S1435,87.13956389882182,49.098612346230105,0,52.60866330269613,5.697784755867306,74.11539940533815,1
S1436,68.73999144629522,90.4592074655902,0,43.542564710071574,8.810421889364765,88.34106905882278,0
S1437,69.59319713951734,67.53387364676287,0,74.03006872722504,6.675326558184068,47.731226663182596,0
S1438,63.16297106452372,51.73291831067877,0,99.04193728405646,7.263852835628039,48.36816778869884,1
S1439,68.14860067974934,58.51816142387011,0,73.65699658133869,6.383804498562332,96.99587932552375,0
S1440,81.134685288339,56.77733622924169,1,45.11029109032913,4.851338776657723,75.61944585211606,1
S1441,73.72906790876313,50.155342371782915,1,74.05210108669125,8.123335749915649,75.65238979534631,0
S1442,79.94394402738978,69.32757603622525,1,69.0398266795589,4.393362232173294,56.109554750288055,0
S1443,80.34306224714612,50.8091822903142,1,85.55278526933614,6.33424878785001,75.6125076632037,0
S1444,91.84793986633801,37.47487307766536,1,80.92119719341107,6.9344621429799265,55.66499890655846,0
S1445,71.88656618962744,62.68452940812558,1,,7.276587572115826,92.9899271824904,1
S1446,58.27770619785122,42.76001325014964,1,79.81435967971223,6.128236474565356,100.0,0
S1447,88.8066689988638,57.46974784705471,1,51.93737062892649,4.794446220334031,81.74305685864528,1
S1448,72.02214193483294,55.27255955955302,0,44.40888265392341,6.038688049197474,63.8408578326153,0
S1449,89.37510933492852,55.8029749916386,0,66.60747861327586,6.101490414856405,33.46146671208547,0
S1450,80.60052535818964,96.01348342226215,0,77.3974799625402,6.072287805813904,47.04857416732254,0
S1451,74.42634963755987,,0,40.46677701483716,8.164070308249125,98.87778929643417,0
S1452,80.18531072855554,71.43519412593466,1,82.68237550703593,5.543676666233029,57.532930507662826,0
S1453,99.41215072151559,43.13042385120788,0,83.7400992555688,7.36117512932579,68.0666418930158,0
S1454,100.0,58.84451612908309,1,70.84557153339095,7.189956444661499,84.48521559326686,0
S1455,76.83257362159334,71.01423681918116,0,54.382774655913124,8.152546092966004,97.71663678978868,0
S1456,77.9222871198049,53.65659521921791,3,52.37119592459274,6.840241753915683,70.8066092613786,1
S1457,88.91488188959663,80.7128798092518,1,88.4667783684441,7.949357160637071,67.52533008534344,0
S1458,65.85206760679183,51.162247797385575,3,42.797991643073715,6.793335834287082,75.14593645617094,1
S1459,79.99684447141907,,0,89.16046829474521,7.52127103190176,63.957794933772526,0
S1460,75.68964582455372,59.79527704034218,1,67.02641513565214,5.1964706953033115,64.81889274731272,1
S1461,79.76689853749065,70.30048923134683,2,68.27497900642857,3.83406630845067,80.59008188054197,1
S1462,65.99957432860714,59.033138994024036,0,39.25442130256015,7.453056224279024,76.96466428535179,0
S1463,56.925190080292374,64.20748922100688,0,67.35910065768545,7.5174197512470755,100.0,0
S1464,51.1241987681045,64.69417871510821,0,81.04453928820476,7.570602799782259,81.02158106616687,1
S1465,62.59139064412471,57.71857139652178,0,45.94461841866434,6.370080982294385,92.41832876950124,1
S1466,70.495896580728,74.79131415895958,0,78.97544561053321,8.787666702652448,56.85943717242991,0
S1467,72.48170096021485,71.33743724772395,2,71.60222056622241,6.448146621115574,82.40251664048434,0
S1468,99.2467739491542,66.75940476645566,0,58.412398951018474,7.5050548236068435,62.43229845438306,0
S1469,89.27192043888758,61.97358333153259,3,85.38411555684348,7.713563470004894,80.32725221274492,1
S1470,64.45490660390047,79.15161642727996,1,30.359378158385987,9.062488191698932,85.01623356983745,0
S1471,80.17250142941148,64.69832058660145,1,76.24025347738676,6.6195644562522,74.79790150402359,0
S1472,71.1150611637961,63.70623797043688,0,99.14983284531925,6.216168512525017,100.0,0
S1473,72.58763394351885,69.46566041843377,0,95.9189765038119,5.2022255387016125,96.84767630573523,0
S1474,78.22390779298459,91.7522135615919,0,77.0165209696934,,92.83592532526555,0
S1475,83.43005340370472,49.235013087703145,1,64.56974602964478,7.505693088458248,86.22857907792022,0
S1476,71.92889819339182,78.77799650277497,1,58.55555398214264,7.543673327073162,100.0,0
S1477,88.7662183928123,41.49560374266653,0,64.54733570969844,10.0,51.008491240492546,0
S1478,62.29674128629115,71.04182421520073,1,79.78853046252232,7.390053689423559,95.92452988784922,0
S1479,76.07606874834723,90.05115958652223,1,55.46961150173051,5.437214313879961,58.14009100800763,1
S1480,100.0,74.8413593425423,1,83.63362872490686,6.764915710008428,64.97057409493233,0
S1481,78.6769569115033,70.3887510995571,1,,5.830261109381616,82.98227910498669,0
S1482,93.19857407927407,60.153707436756946,2,68.88610176770689,6.524957926500673,93.73152264817158,0
S1483,77.0982421380785,68.43466080683976,1,45.8008935409005,6.516892476694471,55.54277389308861,0
S1484,82.96932514395756,64.47112058435302,1,45.79459456630457,6.2955707307195405,65.79928195715631,0
S1485,75.3186016672877,56.99632748896103,0,83.97817993080835,5.328060993573524,75.56051316002097,0
S1486,73.95510902602955,63.941741383351825,1,68.92456877871201,8.911001960406756,71.01814392486858,0
S1487,66.64621123929496,70.77733624877015,0,85.78295612915295,7.358617653326073,87.664512979763,0
S1488,81.16361630749064,57.25896104057104,0,60.39458351513171,6.729433558359714,100.0,0
S1489,65.78155372977079,56.71205451041442,0,84.95122385571696,7.909165395418891,80.70913133641407,0
S1490,83.98702283576115,48.956591873709556,0,67.15061487790494,7.5652807298192695,62.23685698940294,0
S1491,89.02344405335091,73.47015036524455,1,56.814927004168915,7.330828879290457,53.25586670977607,0
S1492,80.39837688684676,75.63452566753884,1,62.78202738155708,7.821997687320192,68.79593738263031,0
S1493,72.5650151973317,71.24324621931125,0,48.45302160238174,7.160721692510388,58.95600182353936,1
S1494,81.44758695170435,81.51238689820133,1,100.0,7.80426574838991,81.48079667160677,0
S1495,72.29592333344304,69.23014691913019,0,68.26512735594723,7.903734761053331,81.23234617254762,0
S1496,87.22656550558179,73.4881531231206,3,81.60125359627952,7.195262482039364,66.5893087276007,0
S1497,54.023126989418515,72.25372395892587,3,60.33635560832561,6.735526607804661,100.0,0
S1498,71.97271158257624,66.71843972814509,0,51.065299204363185,8.836477361744691,62.23284289216169,0
S1499,52.11025605851203,60.56849440618494,0,65.79015080347716,6.42651815227188,72.08910291362922,0
S1500,58.059270037273535,98.99813662108676,0,89.82146560082558,7.4695763205128145,84.22660265423708,0
S1501,92.3663467577669,61.67268628205088,1,60.6268277548309,7.49669009288688,88.27287830031726,0
S1502,86.74221978366023,58.67771204431389,0,54.33042449087053,6.268530577283637,94.4412243446912,1
S1503,67.36623720058252,74.0761375283015,0,72.79835639864459,6.030613137626208,,0
S1504,57.969958527509235,71.52596181413007,1,78.9824068129194,6.575377574956179,,0
S1505,40.42565394590019,48.33291833345542,0,99.5712670393573,6.40933977618927,63.358269247552975,0
S1506,69.47805390480839,83.71749556389234,0,76.3675086107049,,88.68931136560612,0
S1507,100.0,66.68127594508833,1,81.59186821356224,6.218205900976869,88.4756664025024,0
S1508,81.21861125756377,52.44696466697991,1,82.94695426456579,7.319467581561475,98.20618679605657,0
S1509,69.28513256740612,84.64297760095424,0,49.245723125212656,8.519132300978319,47.30502412434332,0
S1510,81.58096251400367,76.75945800234615,0,52.6600227315482,7.66526960220836,59.485070150382924,0
S1511,57.26849976406669,50.2964121127292,0,50.48986678709829,3.8805586019557143,87.17025550987682,1
S1512,72.43211964762837,92.88055976360815,0,46.021376397550384,7.7695644577087934,31.57816832189765,0
S1513,77.19372967618887,77.22316315712669,1,84.31827774766727,6.330217856925139,81.8720987806136,0
S1514,,67.85725438124935,0,75.22090164994759,7.543696089625316,90.95687079890187,0
S1515,85.48967346028097,90.26306327870492,0,71.4309291356461,6.983037688947246,64.77799603919296,0
S1516,80.13574271483263,70.23016897361497,1,23.331102722759162,,67.11695999820941,0
S1517,84.01991221729597,67.60683694854355,0,100.0,6.877317126445431,56.81380244416154,0
S1518,67.73953261323089,58.75579837569215,0,53.903103925235996,6.973090830076264,65.65524608429754,0
S1519,,76.1459061502991,0,100.0,8.613285966508293,66.11890396861187,0
S1520,95.5472433714879,74.67244154253572,4,43.91365334827631,6.976407775497895,63.07453960855166,0
S1521,64.35820576418305,68.20552195845596,0,55.37677914598233,8.30264335981744,62.19714915544805,0
S1522,65.34765213142528,56.94019104585356,0,30.348711114826664,8.127887039014789,69.6639234417857,0
S1523,92.0294120358428,69.81901795832503,0,76.51824956696855,7.800454657100383,69.47033094950206,0
S1524,,67.02281699933008,0,50.17737722539782,4.856057415844387,100.0,1
S1525,92.84585670479868,49.331359537721184,0,50.685997226229624,8.339959187393928,67.69303771012784,0
S1526,70.6895714572938,47.3946270814614,1,45.294744090860846,6.450518447037294,79.50640345906973,1
S1527,93.46054691524853,,0,83.99239112928153,7.858872737289727,64.76987253637918,0
S1528,77.57782980166543,31.573563589276354,1,82.80634572821585,5.8329606001115035,64.56646758653669,1
S1529,79.09874587987234,70.87574737745764,1,100.0,5.577911148036093,46.73007139627804,0
S1530,94.77661626003885,61.306837191446455,1,57.65728082068648,9.371666484197439,48.85814003502251,0
S1531,71.65875427066995,86.31545249631874,1,73.9387486788424,5.851620319794263,54.688027525552,0
S1532,64.7065348489005,61.09144507184574,0,46.791966446764874,,76.93914935616114,1
S1533,70.61722950365974,77.23277899952654,1,63.96929759076428,7.142104385723825,91.21877848455337,0
S1534,81.42800740771766,62.443206222670916,0,60.660784360938806,6.495855929967794,45.41336756967171,0
S1535,57.210891133833826,69.592474148806,1,78.36009923491757,6.946205338803752,65.21477117841893,0
S1536,83.64965083181346,78.31571143288072,1,88.30639251552743,5.438686604162426,52.129748650394426,0
S1537,69.53474418858708,61.52421997145588,0,87.839200434967,6.983494744468923,69.7715664938632,0
S1538,,81.95176838297766,1,54.829379100083,5.700711623324849,91.21231189931441,0
S1539,47.26887634119434,54.08822972050923,1,87.97242228321399,6.525467446823217,66.84988157427239,0
S1540,66.56121069874997,72.12429979581731,0,69.20646753205965,8.110359476763492,73.23972844480485,0
S1541,55.76238218519077,80.91695611902993,0,64.15725587385373,,97.28365434227703,0
S1542,66.08524640363257,77.24052488506469,3,57.24679323725947,5.221395401343374,81.32641488812655,1
S1543,78.97199081330731,94.83022827429575,1,59.92115570149206,8.021785752296644,61.83853030693117,0
S1544,73.84928049460294,57.31184955765075,2,100.0,6.991480285709029,76.5426445733716,1
S1545,72.95946917262383,48.69191048111977,1,75.53339379689243,6.349377677908794,60.759215817563344,1
S1546,74.08978154343927,,0,73.14301325502169,7.896011564690717,80.727712203776,0
S1547,78.44065888743933,77.24619593167812,0,65.27955654633496,6.799351795627597,82.24544246516415,0
S1548,63.89756749668271,74.9709210797713,0,100.0,5.601206392113145,52.12544479202476,0
S1549,84.48219569078861,69.43159323506381,1,93.49018879923564,9.217371653739525,76.80239067817237,0
S1550,83.9519916446258,52.278601312500186,1,57.02088193362173,6.979255068530815,72.11882787206528,0
S1551,80.62045525187321,78.73614210660685,1,65.07492901531677,6.90233775462134,82.7148383547538,0
S1552,82.67840131301516,50.854133112892434,1,66.14359821932361,6.513873793923292,87.30155281630613,1
S1553,79.55701600970391,84.2252941532766,0,72.62569560908679,8.415958887349108,81.63919366599367,0
S1554,100.0,100.0,0,57.377932132634164,6.370145790229552,69.14890634592396,0
S1555,74.95486994736989,73.1303160520017,0,,5.146024169426075,88.933280333824,0
S1556,72.31500137998508,76.1635138992084,0,96.13758637670766,6.185586805724826,60.030995579035974,0
S1557,66.95766903571146,61.09996323546217,3,46.35469403792506,8.59212952054575,52.87164810608801,1
S1558,63.61284795306596,42.65701350478457,0,,7.998558593748541,22.875413047027195,0
S1559,61.066338548787094,59.561928917576886,2,61.303146004648475,6.693981216808167,72.87774477220552,1
S1560,65.33443224122898,52.69946662461751,1,62.137679918059064,8.647906169968568,60.85525696810504,0
S1561,75.15183542017515,47.74193593018978,3,100.0,7.897530674586259,80.36407161720561,0
S1562,80.01154154197258,92.1130391879391,1,88.0307659602671,6.680092763638472,42.46036169529012,0
S1563,76.61370470262594,71.82007525236082,1,86.99780233812875,6.800908173878704,63.645143185608,1
S1564,66.81357667084345,73.31562612859577,2,65.24141751675879,7.395181278334521,81.52431849383177,1
S1565,86.80221476823957,63.67368688725251,0,64.84635867783734,6.001735660403421,57.52262165841631,0
S1566,84.87295206761137,65.5798048457919,1,43.86930255222282,7.005406078611221,80.54810797780578,0
S1567,74.08422031093579,81.50370955135067,0,84.07132410486071,7.370216037535949,65.08763847891134,0
S1568,68.16500626402346,67.54728033826699,0,78.83898288655814,4.975640513669752,73.47506704352004,1
S1569,82.5811350499576,75.42971513234626,0,93.1479525642091,6.772815612918523,83.5225281026697,0
S1570,78.25568304983325,65.25593983016978,1,66.20506515958898,6.636332577561174,89.244752369845,0
S1571,58.62247288701943,63.20985952975134,0,67.44797536839286,8.233681623952387,75.47987858112971,0
S1572,75.18423692818715,48.30320168157393,1,73.06081951409145,4.786603607426759,60.97583528194008,1
S1573,79.14442974489258,40.311513126860206,0,86.05415635912772,6.542192776355547,66.6713782019256,0
S1574,65.20366256214696,64.33813338507038,1,43.53611880224538,6.421894423162495,84.19128580939133,0
S1575,78.27812071404932,68.79095368790526,2,83.24901040729074,8.15208515670592,57.65994266427829,1
S1576,58.54213017690653,49.99417948607693,1,69.63107988088905,6.947744116762129,71.1509344537567,1
S1577,92.03423320014605,67.51735188951514,0,50.94452917683347,9.155313574782843,67.82585442621641,0
S1578,90.97539982071318,68.75253588186703,0,32.4770964522268,7.794656058287663,72.34621146689656,0
S1579,72.96979198836442,37.81588791516869,2,67.54347318618964,6.507732406972577,,1
S1580,80.36145205406888,55.188254767286985,0,96.05883369893326,7.287590435870751,44.368890364606216,0
S1581,47.0809364104015,73.70169451229656,0,100.0,6.57511742875665,82.3318818553543,0
S1582,62.123828076816004,73.41882221154042,1,76.39677179206174,8.031275308588505,89.42610277581838,0
S1583,72.47465295817445,51.848551170403354,2,100.0,5.401362744050785,45.325200680029496,1
S1584,63.134403742877694,70.21827270699629,1,69.22706050677859,6.0115648281144,79.90281857481946,0
S1585,,82.31370115504662,0,87.15946392957005,7.546827902265905,,0
S1586,99.96755836897593,78.87902142587258,1,61.87784399968431,8.470907738468345,,0
S1587,61.880623366848376,66.66599898180492,3,60.737220892885325,4.357637684632961,67.33327714118293,1
S1588,65.95043915097769,61.44833161345991,0,57.804835896148546,8.649365459188498,58.90405808398788,0
S1589,78.82538041971917,59.18917721931694,2,32.91047895176238,6.831837845886392,75.29564926959983,1
S1590,95.33339378199545,74.5494769607352,1,93.16766067904442,4.739350045675405,77.96456094155009,1
S1591,61.331508249521164,70.73145562400043,2,58.450616095515706,3.397926589732794,75.53292017849438,1
S1592,78.98843346768331,76.8116560854308,2,55.574101964406466,5.1647367210300645,71.11784591811895,1
S1593,97.8555862097573,69.84623338369613,1,48.76050973097184,6.976354172985518,56.67757241403588,0
S1594,,79.46269530486418,1,,6.920922354629338,80.76301266094163,0
S1595,60.627169517850014,69.3242954614078,1,100.0,7.759840521651172,81.53367191061638,0
S1596,70.91672072246995,78.98564202584362,3,100.0,6.340615386926844,77.21315400738675,1
S1597,69.75293904573506,80.19151878513294,0,40.104396235562504,5.670351344264595,75.77589832114012,0
S1598,85.75121545304373,56.73662717685261,1,63.61993607242692,6.504296334806928,100.0,0
S1599,78.89991663785005,42.68598334380955,0,51.381560138313425,7.040332344293892,64.00993944682565,0
S1600,54.70045528429446,89.60889998420375,1,87.79007934180736,7.276927353946332,94.5029615593065,0
S1601,82.18492483480973,71.59322222997166,2,75.15868385129068,6.053002360873113,62.2556084924506,1
S1602,69.06953335173219,43.9971974630543,1,58.54175210716297,8.081736040402431,91.74320916730285,0
S1603,91.29336660329487,58.006527038938046,0,71.30631545063834,6.25432387393116,93.7338808012887,0
S1604,68.46894956275696,78.80624009317759,1,61.40646481466125,5.956339165210116,69.31118074556989,1
S1605,68.36061660277318,64.0845243641395,0,99.05642969874813,6.3491301886380525,100.0,0
S1606,82.49357932965438,60.83114012953222,1,79.84527127028869,8.289808210843129,81.50457418793742,0
S1607,85.15511778804324,87.61234604438152,0,82.05682157649588,6.840644256471209,59.96364094175092,0
S1608,81.37719236723444,53.337979950626654,0,21.995485395407847,6.1665837963162735,68.01349448977265,1
S1609,55.7728321913823,56.82585299143233,1,68.7978037810814,8.111329300538252,92.12419689770643,0
S1610,82.45641327913901,70.95941065067575,1,100.0,9.571298247938495,88.76903523002639,0
S1611,63.58830337990722,73.46636904875436,0,93.87032326066031,7.251619161170737,57.07135357793135,0
S1612,78.82331333905915,74.94880248077024,1,,8.48061095303852,71.77188300495204,0
S1613,,80.75733262396525,1,64.3583350116953,8.243293540689747,77.2563677244242,0
S1614,81.35586577051676,70.78010068954124,1,48.37264961346301,6.273232298010001,65.87832657479026,1
S1615,66.32081314831153,74.85137514513772,1,,7.031961016571479,100.0,0
S1616,60.60838419687374,64.37107036958884,1,74.39700908096636,5.460946444355216,77.73861989448521,1
S1617,84.5658416377888,68.877776245314,0,56.179679924834154,6.754069280366038,73.0110049455512,0
S1618,78.89973426012102,69.50547852075088,0,70.6148429837342,6.248571557049131,93.05361670812944,0
S1619,68.63227838328524,71.0113739014665,1,23.06742047676729,6.516536851389238,68.15658344257864,1
S1620,93.41414618825277,78.81555730615865,3,50.47069653778162,6.100125962343596,90.11884176987716,1
S1621,70.7121709411631,75.77203954722764,1,70.65598706487357,6.655483830165319,47.31628167067224,0
S1622,,68.61903804060256,2,85.2221566321598,7.638679223517897,66.74153526007095,0
S1623,79.22696137214321,,2,35.05634582924787,,90.78512669403595,1
S1624,,68.94739761287794,1,63.13920446135627,4.762752162693538,99.12316352943473,1
S1625,81.65363552079916,67.60775101145958,2,88.1743432933388,6.1046553221218165,61.62726859190411,1
S1626,69.5985718340233,70.70454211738478,0,43.8738401612811,5.176720776930098,59.762853820501626,1
S1627,71.06034013340549,98.89135429996563,0,74.12529102611512,7.292872271178121,83.07914288592734,0
S1628,92.3517116776401,60.6671811004227,1,71.18754105590806,7.603980836865025,64.0314576813166,0
S1629,63.5129673698508,73.91204626775503,1,100.0,7.307857866224998,69.7027533159137,0
S1630,47.046636028846116,82.95846894142018,1,65.85754852399052,6.055114728040735,88.02248039579453,1
S1631,95.33124394014274,,1,66.91118922924873,7.296224714957459,65.2943650941758,0
S1632,100.0,100.0,1,85.38927555696439,6.43586289307735,42.553187975429026,0
S1633,71.13676881460802,62.70744991575933,0,46.1257239751118,5.634129460299697,53.182649030305896,1
S1634,52.75794351255777,72.53724911248065,0,66.02410228208454,7.890315903650716,74.1592893715245,0
S1635,72.27419228564868,56.816719571498254,1,61.796949804870806,7.981633304468526,44.185229624433845,0
S1636,72.56532460191197,63.078653707993894,2,67.4995873713082,8.138674577300208,69.24543332324286,1
S1637,73.72091390773292,71.4850747455532,0,85.27131608133108,6.269981679961052,51.72645574009613,1
S1638,62.63934349693782,79.84825687230821,0,79.97490673147911,8.415234775231694,100.0,0
S1639,82.95473370971773,72.46732767633004,0,56.52371844648383,6.407701298406319,100.0,0
S1640,,85.6276078906863,0,72.46058565988983,7.7842015858462155,57.068846362526905,0
S1641,,66.67048565170259,1,96.82794905380943,6.38690480587999,78.10813888060669,0
S1642,84.39036078033865,63.349640582253926,1,55.0354174216485,6.731221403505075,58.63354028805036,1
S1643,100.0,100.0,1,72.61300204714622,,69.05095036712783,0
S1644,78.06352398924471,73.51932709218843,1,66.52310781510468,6.637704142699701,100.0,0
S1645,71.95209805517793,57.927258356300335,2,68.86590971493801,7.109307960142033,66.53298323637624,1
S1646,74.29596142710975,58.28030732852704,0,40.648162799510786,6.507940459163393,69.42340060420618,1
S1647,83.38308120362274,54.80248119656123,0,95.39373137761967,9.107425681702168,58.91953172435685,0
S1648,55.23194073391338,81.11197098199503,0,56.0616657840127,5.6050406976096685,92.33903004263782,1
S1649,77.97268843572763,62.89871789949461,0,88.4692954627636,6.323702515475289,21.787732759615572,0
S1650,71.31443260644627,69.7830746591908,2,58.815221055144804,5.914152868016976,66.91524285549406,1
S1651,98.17390015547255,67.11087855786424,1,58.740916265876315,6.323467625205435,73.26582249383266,0
S1652,73.90992719434051,78.24089371117309,1,91.83621850837841,8.237695675528846,63.42276272238537,0
S1653,96.01465133343424,56.145582699623716,2,87.88992286260265,8.773638153192357,87.81672812369868,0
S1654,62.755111626615914,52.941987993997785,0,73.75598618135169,6.15904886689727,93.23243654352758,0
S1655,83.04711000163351,71.14016230054231,0,83.70070989651376,6.132390948732156,51.40736779392776,0
S1656,79.83280316549475,76.41342998579856,2,64.8060499553848,5.611445621687302,100.0,0
S1657,65.57143302562261,72.65545238336696,2,69.84938270105998,8.567542463823164,51.22785881034375,0
S1658,78.12875337564329,56.66764779263741,1,58.090760935651254,,94.61809090681346,0
S1659,90.5502260419792,77.48478778927951,0,86.27316908740468,6.872821840013456,76.39724317657111,0
S1660,72.11449954856079,57.58594702066112,1,57.51856003898766,5.324680964431744,65.94078244617897,1
S1661,55.69644820996284,60.698458972990636,0,96.73281420888135,5.4320049214524975,67.45012912518662,1
S1662,75.78924608227065,54.78465065389197,1,64.31498497024316,7.204755340461512,73.46379534943497,1
S1663,65.17092286248985,86.21621688112843,0,70.36915415229402,7.659205502135799,77.33468578982051,0
S1664,71.89190873603341,76.86790157438288,0,83.65710437177802,4.520626233974622,59.277530378055594,0
S1665,75.02094676377855,76.46990725950423,1,70.42955958141248,6.614428107354541,70.25696067714576,1
S1666,55.532173407813794,85.4609598959943,0,64.63765034286442,8.94195506746886,61.669234833158484,0
S1667,56.61209992815186,100.0,0,69.45957793944751,6.738988952043657,54.55920756681803,0
S1668,81.78480202630631,44.070834545257824,1,86.08873036403651,8.78756570894875,60.92301276067364,0
S1669,69.72737564596383,57.662727867720484,0,58.0686600015393,7.77885535474682,55.60040587687297,0
S1670,45.2230678981532,59.37354882155667,2,67.72773386908123,5.698864478997571,67.2775213959917,1
S1671,85.41812843929762,56.0885252866423,2,70.18516109207455,6.648794447977773,,1
S1672,,52.91383453354803,0,85.56253351949782,6.845566913746357,75.9313656668474,0
S1673,67.43350211156219,63.80485710322488,4,68.20278327031414,5.856986118287792,100.0,1
S1674,60.198037467301106,50.96754798594833,2,100.0,5.836158372626871,38.63275178048133,1
S1675,86.02969475577204,72.69059314552379,0,67.18230560112829,8.808122310542274,81.50945545942702,0
S1676,80.19220747072515,,0,65.72169450870496,5.827167256368458,74.10272381638964,0
S1677,100.0,74.73440130669117,1,66.92142181088083,8.294123291690417,87.05072547795147,0
S1678,81.04226318469925,75.10819832293554,1,46.30045428415582,6.47621862596198,85.46344326896654,0
S1679,80.65243769514417,76.44209594797347,0,51.33891675834367,6.969232804140193,71.36013199783717,0
S1680,73.99686483869722,62.772274884465645,1,60.44799598469632,7.674213301886287,76.76242055770808,1
S1681,85.8013104064095,97.69600763687134,1,90.44493727930234,6.2817295925143855,62.094892593304245,0
S1682,83.50102241497784,71.28203563074936,1,69.40373093148382,7.68148517619344,83.81887966967126,0
S1683,91.02070010278234,41.925213463252874,2,61.27640458691728,4.544284360541941,43.93798316603679,1
S1684,69.74412497635258,53.96673955927295,0,92.07762542091872,7.5276488660975645,86.42922301838908,1
S1685,70.77511032467245,43.63295815361058,0,97.92118839206069,4.037763850514037,73.62922489222224,0
S1686,70.25076194905624,68.2426848081183,2,92.59688429633968,6.727783927961851,66.20700739470257,1
S1687,85.48962065414787,66.29472686325333,0,54.644380049767165,8.02509158238219,70.27946880885239,0
S1688,93.98049328356078,61.44204022940759,1,61.085524836514196,7.746754367270051,71.45286024658591,0
S1689,70.49391408220839,96.15296557360719,1,100.0,5.44190742524567,94.75686016768802,0
S1690,70.9027152664829,75.68576023707675,2,74.34051445600039,5.596402724687779,,1
S1691,79.7689266864376,78.16537706024869,0,65.18271283187059,6.173593551612838,93.51793318640611,0
S1692,73.05086199984518,54.96497116881056,0,82.93026330395507,7.223459034829761,64.9547874257639,0
S1693,87.42464383767867,,1,88.13138321244602,4.561680171947556,84.07650918856447,1
S1694,48.978672512571436,68.51527698735737,2,59.71390772329124,6.98413170898173,84.77326665691974,1
S1695,66.07953943699727,70.42209995513116,1,73.94991925515876,7.373715248560077,59.197428440844476,0
S1696,66.61100399246266,42.0116380603976,1,86.67808124590705,6.66035538295482,53.8272112444691,1
S1697,48.155727851366265,65.47570168010652,3,49.11483137272265,7.630385161663662,72.98750513733138,1
S1698,64.43633866757435,68.19700916022907,0,70.22221823367052,7.268468989991445,86.92332164322295,0
S1699,65.01812660984889,64.98791167920419,2,49.940986245087124,6.350014888721326,48.211067718377144,1
S1700,73.58674414577403,56.612534227146526,0,52.295551055317404,4.6765727676886115,62.465634117529504,1
S1701,89.35559069992317,60.44650745310404,0,59.864198605354524,7.160095697884987,83.1624273438465,0
S1702,73.05927218571158,65.52397128998085,1,78.58815168183047,5.856309561724027,74.66757781232928,0
S1703,63.630235356746155,69.27120033054067,3,64.20359268451358,6.305988850166146,96.66037792958393,1
S1704,75.31654550543766,76.46708215570796,1,58.32847375056869,7.574949061555703,51.418120734778505,1
S1705,88.59008345729619,83.1319868693122,1,70.92798213984926,8.700800060121221,100.0,0
S1706,64.28849420662114,63.8791318706185,0,,6.954327851869589,49.39212090288673,1
S1707,65.07310139294262,61.61381325438499,0,77.71845792101038,7.6648778037350445,41.53338049874783,0
S1708,82.70258751129069,74.1271794294803,0,90.36496171524958,5.2666247906165315,73.05739552804309,0
S1709,73.34156661123039,76.55182882975195,1,68.57432726221579,7.294628297194041,55.84865714806385,0
S1710,83.7698162885137,61.9211939343756,0,66.35231812059625,6.928112874787405,73.37990937528194,0
S1711,75.83623849845644,79.06550867752641,0,76.72192635788025,8.475073096751418,72.82036993672533,0
S1712,84.4199637770748,81.71419477618362,1,33.48755046103219,6.351449828765492,70.8676126062811,0
S1713,63.57906263151231,86.08361051922142,4,79.66271421876161,6.710034859405155,60.52142348485153,1
S1714,75.85498419054079,92.89649269407752,1,100.0,8.270577360559354,80.92249844127505,0
S1715,73.47171982764212,55.87017405876786,0,67.79182801993504,6.889559449126421,68.92260616372529,0
S1716,61.40930891075043,68.19457493065515,1,,5.669390342455277,91.65863793207622,1
S1717,57.23826462557574,68.15788775266124,3,83.3849260017943,10.0,71.11404395954709,0
S1718,84.22898842329595,66.62697004054489,1,99.61598802756332,5.70568868399592,58.56564123413457,0
S1719,71.78857141338426,58.910319125458095,0,87.54942119981443,6.922359902140571,46.996631170505836,1
S1720,,47.202131954765,1,31.19907618549609,7.416025787230736,71.24624909682606,1
S1721,74.84585275692001,69.29751224440605,2,80.14117907792945,7.321141010837337,53.69272685819804,1
S1722,89.53622628819163,57.243020766329224,1,100.0,6.772307555192321,52.40061033592355,0
S1723,48.63114585553693,69.20390873046675,0,81.20393884167038,6.77828755536843,82.4393169463518,0
S1724,58.04033572116008,,0,49.21716556110851,6.718081760454454,45.55727902138573,1
S1725,64.92536269725679,52.60478315817922,0,75.07293323953505,5.660879369690353,96.59509405332659,0
S1726,93.53414640064395,71.28017704527657,0,46.94762947586079,9.580263057307274,76.55546215032864,0
S1727,79.39104379503156,70.11290137529095,1,92.19046640683948,6.736010898743948,73.29851790360063,1
S1728,85.20780688553472,76.10994759849306,1,52.79411341549734,7.716317191387715,57.443744951190624,0
S1729,62.318068970485236,98.60209272984676,1,71.33638542445641,6.598416570782073,86.229956741487,0
S1730,62.56556949675368,71.88205343695185,1,54.55995996414674,6.57428359317342,73.95352106244168,1
S1731,81.37376460067253,74.79114473889781,1,60.16393496413616,6.45346760479642,63.02245371614717,0
S1732,76.69929197122536,,0,96.7507116254889,5.1401850544129,77.19719514642543,0
S1733,82.58486582636952,49.983295832490754,1,71.86222896808655,6.807254631855077,47.07543271296991,0
S1734,73.74794810885858,90.15961225482667,1,59.93435547293704,6.5115908148166834,47.83476589521378,0
S1735,79.33772471745553,55.07128308093375,0,49.38589652403899,8.405829411021733,56.07702263518274,0
S1736,77.89742901886132,53.38478299943901,1,36.309373244810146,5.563959858898581,79.59243628175543,1
S1737,85.3332086690191,67.45261510296825,0,47.47694859659164,6.307423386934174,73.94786685110189,0
S1738,85.68409938333365,66.73730621271656,1,72.0152663459988,5.921871439895101,90.78366824889204,0
S1739,56.56153606729876,55.36490890979392,1,87.64420783700794,8.731036472814171,59.28016236530277,0
S1740,49.032777335909735,63.7303749380166,0,59.91367313640038,5.9567098661743945,83.19468544770147,0
S1741,88.02094477181808,85.21126004710146,0,98.26978481294226,7.674759813671364,72.1780711616755,0
S1742,90.25270111914324,56.71608947635483,1,57.08499239989192,8.164193768087175,58.91127688414514,0
S1743,,48.488585218873595,3,65.71578898816217,6.82465250630151,80.1649227314067,1
S1744,53.68197512145245,81.1963106925971,0,50.56761903392946,5.347826798871438,72.94381026807628,0
S1745,77.18841785208642,74.89215676713252,1,87.83371122222141,5.363015369483572,63.93409289367362,0
S1746,87.17005871620636,59.31273931091874,1,100.0,8.031716877755295,74.67198539430547,0
S1747,97.57113426921177,45.84966177422315,1,38.28729470314844,5.487287177440171,71.92751382500172,1
S1748,82.1955708652174,57.57527300986011,0,63.76908276457543,7.470431933271895,71.54099090371996,0
S1749,71.53939964097167,67.2341378841102,0,92.76603724690062,7.137218931784716,67.39850960142721,0
S1750,65.28243254098165,84.31940925837347,1,43.95498061433918,7.452558981173232,53.1208233777018,1
S1751,76.13741550004785,53.4878523518248,0,80.20031032547955,7.565901769415065,75.19624665431796,0
S1752,72.40882355337692,66.81672165883937,1,91.98649960373626,5.879595058698518,,0
S1753,63.81918513125421,77.45202523852858,0,71.40811865842306,5.829366185182311,57.674738117694915,0
S1754,100.0,34.66225723829311,0,79.9047352769224,7.857912560920483,70.14880249435829,0
S1755,97.42202082486557,82.47300635114459,1,100.0,6.244786467322724,85.74442470675486,0
S1756,,51.445691989109875,0,100.0,3.699821809593822,76.9698161230557,1
S1757,64.94979522629046,72.64793690839709,1,68.88459016537931,7.778506357460638,65.50172466627858,0
S1758,86.26023189156734,71.45356409455042,1,60.4171987126138,5.7564864543174785,,0
S1759,83.67551691397482,83.18420948049383,0,53.44035800067346,7.5605630534863035,84.17301219502029,0
S1760,81.31054749044864,75.71294133250956,0,87.58535470771682,8.671386219180363,35.65222768884416,0
S1761,90.99598320452533,34.71793311578026,0,45.30803995976257,7.020114948714337,86.75783982719169,0
S1762,83.62445371433533,57.01309053981612,0,65.45366731615836,8.194918997996236,44.015747601114576,0
S1763,84.88017083565202,69.93487181094592,0,71.84841587718039,7.184557216643443,51.35347346683231,0
S1764,83.64287540046652,,2,60.94595477106242,8.904915193769376,65.7717466997884,0
S1765,80.08949689602527,,1,,5.725471469491473,100.0,0
S1766,54.5966664434298,79.05113177937588,1,100.0,6.990142023500212,100.0,0
S1767,77.00345292892669,76.51832431001552,0,67.81122537376224,7.807793926049761,85.30380409275418,0
S1768,69.3256964938105,65.00015080423749,0,62.16269870630698,,79.7046780527272,0
S1769,60.64190850831976,,0,88.27597283887334,8.382662795983205,44.203568511800405,0
S1770,96.18179943160989,61.62326251603256,0,74.3125055946194,6.481552552587063,76.50813060609119,0
S1771,96.74794409062844,73.82915407394538,2,,9.483245381954665,65.21245570304046,0
S1772,92.31064720354735,52.73373846429331,1,72.96437715675494,9.546637005126694,60.933290662036455,0
S1773,79.0625610022705,76.83784622170207,1,65.5283822565214,7.33848639547276,76.47684943959455,0
S1774,92.20750145143188,80.71750616174226,0,37.892952014298004,7.66312141642554,66.46223984885282,0
S1775,76.14463816722191,69.7761376681418,3,40.844775511388676,8.430005722749565,87.9087927355016,0
S1776,78.43356732277336,25.107081871626455,1,36.95742357231215,5.57536312123916,,1
S1777,62.87834355445621,50.106762922034754,0,76.82810499311631,5.425599982506651,75.20018275753571,0
S1778,80.76389565398608,,1,45.47950936238573,8.507702696629162,59.934444423775304,0
S1779,76.724631141093,60.34847089760271,1,92.60039258654889,7.328786167447599,67.44582673734891,0
S1780,60.368174597986425,40.22199487619406,0,70.54443816740716,6.728193704824252,78.87402271166786,0
S1781,75.38563465820084,85.29346343634381,0,65.60463545616996,7.013347963457393,56.123074198238925,0
S1782,,68.18697828161142,1,54.81060864632191,4.1367502331631165,76.62771422899944,0
S1783,97.57073399973568,83.46916684540815,0,81.20065746886371,6.7713252226515985,70.60258871665177,0
S1784,86.73055994216091,71.87742145307111,0,55.519039248236595,6.096343912968131,63.43061015716978,0
S1785,,74.41982790697037,2,52.26319592674214,8.101685960338099,,0
S1786,78.985447717613,73.08212946800323,1,91.39029857089628,8.194036934060808,71.52716974100919,0
S1787,76.53054853725038,,1,76.38318089395041,7.692016280955893,61.7146157989886,0
S1788,73.56503218245342,99.88402627978537,1,,7.47455037855897,74.11351160520978,0
S1789,63.01087363134056,81.59408870342864,1,81.54579372520689,5.203183901535679,69.5491740533428,1
S1790,74.18737746871685,45.87524955016251,2,70.16077371599258,7.708771695996249,64.21947940692863,1
S1791,67.04682092016984,74.25326121390465,2,76.89423670813031,7.7552775346280605,99.43747574244773,0
S1792,,83.98073075344504,1,55.29673775724181,8.494231184522476,80.64383876098593,0
S1793,82.13466177457042,84.83781129150604,1,100.0,9.541851774916235,67.87660427803273,0
S1794,80.69517591919882,62.027530237172606,0,59.56684058182795,4.968927191714069,76.33376689319535,1
S1795,54.55950986358307,84.30922223263379,1,98.00829388509959,6.533827809258144,57.57087781162387,0
S1796,74.52778435005847,80.98839359371688,2,,6.109280035410826,67.01165429154267,0
S1797,87.94841663079909,100.0,0,84.52774808178933,7.207008626062089,68.87876079298803,0
S1798,88.71068486675586,57.499975692520835,0,83.21602298247045,7.016082229861646,54.051297441441875,0
S1799,88.31004211462286,60.896391930394046,1,90.64333159270082,,80.19766476791068,0
S1800,,63.714333321560645,2,54.86877327104539,8.233125233681408,65.91019675819479,0
S1801,65.85945606437019,61.136889899457145,1,,5.6783029465830595,68.31253332084154,0
S1802,62.99561407170327,,1,100.0,5.750654239128872,64.90048225402631,1
S1803,80.13525885700429,29.3225429205676,0,65.34352637364657,5.77092967468235,100.0,0
S1804,80.55136041238195,61.914207367876124,0,70.6247092085582,6.567606895088816,63.39815759721579,0
S1805,91.44797333926078,73.17101283579866,0,60.57796043535723,5.525691740905785,40.90116873782676,0
S1806,89.199755804105,61.09489416291725,1,63.7641474606682,6.941714213440875,48.40108846465863,0
S1807,74.41325612162593,95.09533656940754,1,100.0,6.80141176644296,86.14884196312696,0
S1808,61.06952945366957,68.18726137802207,1,51.923778529656325,6.056181863201104,,1
S1809,72.17072083586923,86.0744067725779,0,53.04186120668611,8.048519504867436,63.09124493803434,0
S1810,78.60677433772629,71.65988577821956,0,98.99621685545878,6.9285993660559155,94.46319471416743,0
S1811,73.57500105532715,79.5697023385056,0,81.24187166599052,8.275176836838165,85.8654399974807,0
S1812,69.06527070306814,71.90938175506987,0,100.0,6.765940178554682,70.96831790422257,1
S1813,79.0346177796388,87.16298484664988,1,61.89210451913464,6.970966134122374,69.83285945967143,0
S1814,69.95250710307268,68.78315090185362,0,72.27306047027625,6.324661114381947,76.89392362265045,0
S1815,68.46320699529551,74.945689913243,0,58.10781501210752,6.991544151357418,88.03929315445825,0
S1816,79.73743401164127,73.12866107110061,3,72.57942103565853,7.854677567358456,80.35671304952035,0
S1817,71.17608903844955,63.96400358621754,2,38.06625944888253,6.506398921275642,63.17106717122087,1
S1818,78.92925266774023,73.66975246494547,1,82.32918201979015,7.622094355041597,,0
S1819,79.27844827422547,99.28140744676755,0,75.82253350286209,6.0247036467451105,100.0,0
S1820,62.326851986901104,64.21444281066381,1,68.96401607561346,7.910860678626651,78.01942075673907,0
S1821,70.22510651361506,73.87250849994548,1,62.97344215720604,6.304113007225688,87.90920683012185,1
S1822,93.25332327899756,85.6089053121722,2,53.894428227374206,8.02201584787486,82.63815979598772,0
S1823,62.05504584718855,83.96354593321992,0,83.0988324165897,,78.37372390396324,0
S1824,50.600146612353626,68.16402984807111,0,48.92038025733868,8.825144480069277,75.7391824002411,0
S1825,53.65785816108986,34.632558158596936,0,79.21412641688637,5.6151187284949495,88.35825000519966,0
S1826,76.34931935892003,75.23383946107853,2,100.0,5.228587872025758,,0
S1827,76.37100733639238,36.92736037927726,0,96.73938679559737,6.26053930482932,78.22229564818478,0
S1828,74.58866973489855,88.57912123317723,1,42.907697031928244,5.338466862358825,62.89979959123379,1
S1829,90.57027794714202,70.37263419670565,1,60.33871491382055,5.340718126686067,80.16894088877555,1
S1830,43.92598680276475,81.99543627820785,0,77.58611332999608,7.745860912551851,72.92787301651066,0
S1831,80.75120649316989,,1,68.7349254037417,6.99498544790481,69.06790541847879,0
S1832,,,1,44.81069707091642,6.424382827954889,100.0,0
S1833,62.46663082129943,71.65056137797635,2,76.93568712652284,6.5356448832334815,49.375179076674755,1
S1834,71.44232185852125,67.52955184061402,0,69.81969588790662,6.283314802808393,89.33620574491972,0
S1835,66.96529699325654,61.11842843379968,2,100.0,8.980443001382852,60.19726489193871,0
S1836,65.26784744706966,69.18525793025869,0,,6.117393150828356,76.09912782949434,0
S1837,72.08485593972352,100.0,1,91.02406093587864,5.413439322300041,100.0,0
S1838,93.12982340421405,79.6833576631668,2,47.19240874366044,7.955260740983594,58.602096082814995,0
S1839,98.04864010585024,82.69298048208647,1,51.49583263786285,6.7410932519826146,62.41803752276378,0
S1840,71.96872929951823,79.81511648174698,0,82.98991527657083,9.446528426581462,73.7197802055744,0
S1841,98.86072256877364,88.7124700139307,1,89.50715405093274,6.368553233447038,60.44452867789821,0
S1842,76.42691772381549,65.33899657938957,0,52.76693093066093,8.01518101570815,88.14490161504482,0
S1843,97.04429232041298,39.23334169254589,1,70.43339331671041,8.298636796719165,65.44752902298728,0
S1844,,65.35979413791586,1,45.1315748764766,6.374397001357596,84.46415424238938,1
S1845,77.57269391255373,79.36429993995102,1,66.73804312650137,6.108495078509157,52.732973891198895,0
S1846,80.38569367171401,54.42279446838897,3,85.06461014123427,7.889639837117086,45.09069596553239,1
S1847,100.0,65.53087669314938,2,62.170747015549395,7.6898703014967165,70.3362403367512,0
S1848,86.21542689813747,58.315223597967616,3,65.51737529301155,5.307267879146888,48.90387459139848,1
S1849,67.51282564058243,89.02840952580382,1,49.663682830671064,5.645877236434335,98.2923026042472,0
S1850,87.6279744433103,78.49239821569189,0,58.32954855475134,3.9562839940623937,49.523144152080036,1
S1851,71.6580095549879,77.12156868901542,0,100.0,7.714464224774563,57.39701299726883,0
S1852,70.12299780518549,76.7024183836936,1,71.3126480509084,6.685807368237105,80.61791816759376,0
S1853,86.90321631870533,67.47851046427023,0,51.95846020028923,6.805419494829661,64.6181767990079,0
S1854,76.37302705325384,70.76578795538505,0,64.33410490147615,4.970267082757776,49.70579248211834,0
S1855,79.34291097414167,51.40741587254755,0,41.24630281900188,5.682277176292809,100.0,0
S1856,76.16782266238351,37.38981229749206,3,51.74512554147618,6.42644930491892,57.97385914944682,1
S1857,80.03899751926522,70.10113582483034,1,94.48611530283617,6.193209279822615,70.85987508005522,0
S1858,81.09959076923379,72.53586358781003,1,67.4353163610411,7.141403290621158,70.65291967830352,0
S1859,52.75639680753501,84.92970395795528,0,100.0,7.700161751958177,85.36494643146524,0
S1860,83.9988720233144,89.99870142515314,2,68.283738907071,9.723535083142236,,0
S1861,64.2157669620364,89.97997878998525,1,69.35238346855307,6.975979563962889,,0
S1862,58.69241037328706,54.02766969388571,0,81.53609485375821,8.338483195716334,68.7867645209071,0
S1863,75.29906507369581,63.06828951070323,0,21.89342352005078,6.00403266762427,70.36924106333095,1
S1864,77.00777203977346,74.72468014233931,0,73.68890782576435,4.9900644220295725,85.98335197117699,0
S1865,67.67792602513263,,1,69.11824321490288,6.57723802394785,55.30684936226238,0
S1866,85.9723822920157,88.72138885199482,1,96.74870008327265,5.08273393855091,100.0,0
S1867,59.89389800354912,83.67156026797733,3,87.3642290949451,7.017607800602923,61.85306580064889,1
S1868,71.1166750147293,62.570968622309934,2,49.59354966015759,6.063455050589602,73.8600096518945,1
S1869,,55.63520516382826,0,92.35849513529645,4.6548743358944975,55.44016896490813,0
S1870,75.44095275592792,79.04471036736535,0,65.27833853954209,,53.229455813750135,0
S1871,79.34637141576687,52.59074230071896,0,53.719841926671194,6.3549259442735435,60.00914545475801,0
S1872,63.90528460451746,64.66189108627576,0,73.54785851568164,5.034856836466963,58.47162851737192,1
S1873,84.69139212947474,66.39310871397308,0,66.35015159805127,8.077806148608747,67.37188761352272,0
S1874,76.75602842001639,90.3007692477193,0,97.69237565251343,6.125662764952858,58.33655953978015,0
S1875,53.296644960257076,63.034237758564515,1,76.13119651284178,8.308199240428795,85.12883874070735,1
S1876,52.49690271523563,33.850505059983384,0,73.7018605759481,6.119926798386341,61.472257674906004,1
S1877,75.85216848484826,75.06222506727455,1,86.21164749139791,6.350922771684643,59.698952104769354,0
S1878,73.34839218656376,58.21369405654503,0,89.67168912566882,7.4137980513724555,67.7124981741237,0
S1879,74.7589586371044,68.59683434212846,0,84.10489169735139,7.711863256844932,89.88542205914071,0
S1880,75.66421052163739,66.78613418821027,0,95.55034251066917,7.9221804848087185,77.43801877776639,0
S1881,78.70671807412216,64.16814405855125,1,80.95628343244819,6.892310633524805,72.40496752180049,0
S1882,87.3717953181796,79.06476814498586,0,73.01772636508063,7.6343400658655,51.07128368050114,0
S1883,62.666741188989306,46.539891703062096,2,92.30509711758452,7.894754328308105,55.716664642180646,0
S1884,,60.761800850638956,0,68.36386947852151,,53.54544095936602,0
S1885,62.880113705351405,77.57653078364334,1,70.5984372942039,6.828810264082844,94.90961957875754,0
S1886,79.46700000602448,59.40281314517885,1,100.0,5.265646062122644,82.48900997010637,0
S1887,90.93936854375735,45.476706070220395,0,99.19463430319416,7.719008988135987,60.21407185721289,0
S1888,70.82392674112587,77.3597748055943,0,69.85283547538019,7.050608438969381,64.97005369878951,0
S1889,,83.72332482618154,2,61.8360716084989,6.503660977179151,60.79535718020266,0
S1890,55.552085648675494,67.37006709299791,1,96.33712300375296,8.533319636309992,59.82622053790866,0
S1891,66.00355932644786,40.548161621426544,2,84.40753044247386,5.286599640504021,81.36481649945888,1
S1892,69.30725335005742,77.88357645378343,0,75.68046257555254,8.972843578437864,69.399420467451,0
S1893,71.09933647294328,44.761569660124366,1,64.206291216581,6.973272065638641,100.0,0
S1894,76.46297347577101,72.32318987587432,1,75.9705384168627,7.3810218142034785,94.00575719227197,0
S1895,72.25904403013064,55.57550645360976,1,69.60924772202135,6.525947062563675,94.95168544746755,0
S1896,88.59207532652088,51.76224999926249,0,58.04191276768608,4.999512504972004,84.74171159917002,0
S1897,67.88779233182358,,0,72.32276191457024,6.832468121841065,67.23745487188498,0
S1898,65.65218448629348,,0,74.77763282151294,7.401693888271351,83.56465415247334,0
S1899,81.74650646224553,58.98108449458972,0,63.242888795435846,7.811470535683113,68.41867688754147,0
S1900,57.57229516088657,76.2418458950121,1,86.26886239497132,6.7623601618733185,100.0,0
S1901,80.67630046384002,61.75502870157633,0,93.1989830615978,4.368952190554698,80.46847012879873,0
S1902,77.2306382047152,81.72267220340551,0,87.45815848579743,5.150006386500849,78.19776573764824,0
S1903,74.23069012098199,71.93642431900871,0,65.02752906614809,9.462423548515952,76.03316259887214,0
S1904,95.05931328579115,58.23419910765169,2,83.60478707539069,5.688956819473462,100.0,1
S1905,68.53351065646339,55.876841626347996,3,,8.71245934988705,51.05999465861143,1
S1906,100.0,44.93505181333586,0,47.75657238581287,5.879095915098885,100.0,0
S1907,73.29482260926281,72.07026449013551,1,82.10912881295943,6.781052908326559,71.0215390807338,0
S1908,60.67580266035726,,1,72.63036953722506,7.750249911519885,51.50161638694958,0
S1909,76.8390349719379,34.7892626071108,0,,6.0157666641029515,61.9646442937111,0
S1910,63.08505759617478,60.4999917812284,2,96.23087553901408,8.910658162910865,47.587083796422675,1
S1911,66.978929826238,55.38552359043067,1,82.80070282482143,7.090874029682094,84.45850792937024,0
S1912,80.7643996001859,90.05948629038924,1,74.48506902318724,7.553021015559604,57.38731279445569,0
S1913,82.66698506380149,44.16109943349366,2,72.94700059104433,6.6788715903770495,76.6986826592752,1
S1914,68.5339875969489,47.82108880372324,0,51.93359073460407,7.790464344420509,92.14747248265357,0
S1915,87.84886174055681,83.5395750034798,0,38.69822991040161,,63.24772914294181,0
S1916,89.89009309625361,86.99468420449548,0,54.29393603653183,6.842456874852143,69.71034091160972,0
S1917,93.2356210787595,57.57023885784102,0,69.14109367293226,9.075655348899083,53.146134241343745,0
S1918,82.35296088550867,59.15079848067525,0,32.10029299223829,6.266085029945058,67.78628625678084,0
S1919,92.36114454502838,76.62729555174639,0,60.20220773909052,7.916915247222052,100.0,0
S1920,,35.42060284276566,0,65.54296540376033,7.58693720349166,86.44693062576707,0
S1921,72.18512141645844,41.943288416922215,0,66.12232203726175,5.717701512781157,69.76431329770232,1
S1922,65.59593692411889,64.06973238809003,1,58.08897523261339,7.256571645564798,64.21299142109255,1
S1923,77.43071033352871,89.69846792580776,2,63.85275134113479,7.008839125420447,73.31786566949707,0
S1924,69.14260936963915,61.899778765665644,0,100.0,5.9761693884677864,76.08081203509823,0
S1925,74.00610589660322,69.41311508429216,0,81.91861506683085,7.429602921032952,67.29488468566788,0
S1926,98.5860985624486,83.87304981589617,1,59.91458601583331,7.175547455330221,82.48094713233807,0
S1927,73.96336244295546,97.49638626589405,0,68.76973980948466,,58.74484015903346,0
S1928,80.96550780628257,59.924121375923626,0,69.49035995825919,6.917707037129579,58.66579720025171,0
S1929,73.21276804090918,67.76428586773204,1,56.17680219267728,6.891987689291657,79.92312731280327,0
S1930,76.908559455482,93.5087730987998,1,56.15565608061062,6.558760454504407,55.30173194296964,1
S1931,76.07220016523286,46.689210147320004,0,88.18943236588083,7.167800914017978,85.66427604580063,0
S1932,81.37988879167791,,1,62.44388120469731,6.227302945163464,73.77151020164906,0
S1933,89.98369042656613,53.743582546942385,1,50.295465033444316,10.0,44.75345250052459,0
S1934,95.76872797123995,69.4346131394442,0,69.22347380675004,5.308800105441621,75.75198600897515,0
S1935,79.71544098291,64.60333333639616,1,72.12417555632422,6.29831670731865,47.03765400657609,0
S1936,83.07456263242723,54.58783759018279,0,34.49132396451097,6.393109474507671,85.09379215449059,0
S1937,62.1896258897732,54.23657301278415,3,69.26656555929053,9.448592097189445,70.02057073199046,1
S1938,74.94547909101256,71.86980109955256,0,85.62363881826869,5.415838420027001,100.0,0
S1939,87.28347357860306,81.93755059427755,1,,7.511106757583332,91.14100550996172,0
S1940,86.39162366100584,66.18369315536096,0,100.0,7.298072878055848,57.0289199002908,0
S1941,78.5393167935406,68.98158422226503,1,92.51997068161923,7.400322765609458,41.66816217853732,1
S1942,86.63672751481543,75.99643692807466,0,96.08081244551536,8.483611795133129,61.91837989133802,0
S1943,81.88920050792582,,0,100.0,8.458995231696505,54.45986235471406,0
S1944,90.40367509911187,78.35569511778093,0,83.64681271194276,6.458851808175859,100.0,0
S1945,79.47230988348534,79.47080335883646,2,72.93526374278862,7.232820939392789,73.83496545151758,1
S1946,71.73162021314758,,0,87.52732528176398,4.763077561417427,88.93470086693067,0
S1947,80.03009508319629,62.73454133216585,1,59.93374419889011,7.118911610226315,69.43950539919062,0
S1948,40.83286748976669,61.58685477664621,1,71.93835375090944,6.047212686601697,71.12532018750967,1
S1949,80.59462883662059,78.76552220203244,1,58.340902424590354,6.7763410888473805,73.47796763985747,0
S1950,35.0,79.46745836476994,1,77.16372203613187,4.977553762219966,91.70462909747914,1
S1951,55.318439111134985,60.508779852726036,2,58.265636415643236,7.48584674406289,78.98599609079358,1
S1952,81.42122321129182,62.35572252297931,2,57.63528700248908,4.964117565309271,57.082658504373356,1
S1953,81.73035204720155,75.57583173505256,0,77.44251927589907,7.177941528149904,99.96022620938268,0
S1954,62.050854638320835,56.41382062971474,1,67.52119406594979,5.5281932883729406,69.314952016219,0
S1955,67.45477549745273,62.252524167789794,0,35.304619557098555,5.980430757836938,66.71167801797363,0
S1956,92.44649186336959,69.25429874315809,2,43.79997541638239,8.385678523054196,28.727915164015442,1
S1957,70.19163842112789,81.94314158751162,0,49.34920315369366,7.705501535096347,84.15039345858139,0
S1958,100.0,59.535619373486426,0,54.10650568994846,8.379043765204651,75.61620223459013,0
S1959,75.97696176188384,42.20661753157059,0,77.45961993061549,8.871672559001547,75.59881050563044,0
S1960,80.8964341225752,41.167635454745046,0,73.94089924728945,6.072593551432282,67.5548052622269,1
S1961,95.40249278198328,50.368217066114134,0,89.17502869058558,,64.79651455787547,0
S1962,77.57232539432104,49.61565194520088,0,83.55043281295188,5.241393212585319,68.08671317071313,1
S1963,63.971872231710385,65.83544937932128,0,89.29425321128784,7.895320401453883,81.41057393803646,0
S1964,74.68327057966852,51.35567784963353,1,80.95113144626421,6.407994742480034,84.22588436853361,0
S1965,75.57267116571892,58.16143056250314,4,73.77422756364682,5.883639828832821,70.30349458600642,1
S1966,59.623100173581214,,0,89.7883313611778,7.737363840765331,89.18299990906814,0
S1967,72.93001514391013,61.83288994812809,1,86.5494302513218,8.133941830203057,72.73641310372035,0
S1968,67.09369487203077,86.51506064132371,1,76.76971661597184,8.098322063975854,65.93237731002151,0
S1969,87.09229308624921,77.26726625202724,0,92.87929367548256,7.25783186667375,77.17464919851783,0
S1970,76.41534249022307,68.22581181386406,0,27.77581163493886,7.158348761595087,52.24981730409824,1
S1971,72.60645101022916,,1,64.7716628654719,7.632239902839883,77.72349294526798,0
S1972,74.72581683252909,61.9347428072777,0,64.49577161826885,7.364516890620629,49.325086311578055,0
S1973,78.67746422087399,72.58845057932729,0,90.74829179466826,7.6496270075031765,57.55636864025978,0
S1974,83.40177039627736,76.17836702693207,1,98.28510994511385,,41.70093749253401,0
S1975,64.00345325596743,55.293354914591596,1,43.896771336215274,8.011340589407636,71.19812875725599,0
S1976,63.50094840854474,68.51073057859924,0,95.40100913468697,5.047350632139487,99.7541392369455,0
S1977,89.25615058483037,39.55732603871762,0,48.91398665152716,6.842471829896336,72.12677342269704,0
S1978,71.05195753354323,70.96399297838836,1,49.45812557990519,5.339384207385296,84.29736607093004,0
S1979,58.99789488883751,78.6700893874216,1,65.78285735810744,7.332042421125862,100.0,0
S1980,81.32575251259726,64.07903922366775,1,64.27228350161347,8.970316211024437,80.46489356992153,0
S1981,81.56043767239224,,1,41.948488965096224,6.431098261663638,61.756607286591645,1
S1982,57.63141691291952,55.6626617358953,1,81.69780352286621,7.152702436356658,63.9589023562266,0
S1983,78.75378058556328,71.04416581424566,1,82.22924364507884,7.907784057905967,74.0105313315681,0
S1984,84.82699710914048,67.49845354667663,0,88.97274873094608,4.51873248188017,63.87368567582521,0
S1985,80.49263742047516,66.59583265579228,0,62.197804063998426,6.373467421426975,65.0706080029851,0
S1986,83.58377780513675,66.39948964793354,1,69.28751113049593,7.4374187911274205,89.76406254815184,0
S1987,59.14877082291101,69.49947042013261,1,69.45231103175243,3.5236063292112703,90.41850049235539,1
S1988,79.97248185995434,79.8714224084918,0,100.0,5.827829808310034,47.64972028722138,0
S1989,72.36856288635464,87.28830730784642,2,18.983593912602075,8.321029568057547,,0
S1990,70.20651809530426,67.9684965769418,0,52.77500171819614,8.20359628054087,66.57592980938571,0
S1991,86.44666731303671,79.41442501040287,0,70.09973517025236,7.44918187284412,83.58542313864403,0
S1992,93.75129412809076,58.17526275226504,0,50.45973577152095,8.058637167931813,92.2892094160905,0
S1993,97.53244065520431,78.72337633816726,2,65.3502335691199,7.2581250813057565,100.0,0
S1994,91.77769445807087,57.33211866642213,0,67.73064034534163,7.666473888930778,66.54922725947742,0
S1995,74.68318982043779,83.26923910523385,2,58.16165004173556,6.621215549391263,67.34834057052754,1
S1996,80.23264195631612,98.94897228350536,1,71.1604406698481,7.138975219506511,83.41712025020342,0
S1997,85.20187446141092,66.29082556840052,0,81.30668699964065,6.241155536301013,63.084532496722254,0
S1998,77.45413539159354,37.30439112869628,0,65.74720398944197,8.516180013018776,,0
S1999,77.56917025493853,60.32697893457248,0,61.84249478856276,8.825871291402642,67.35939025946327,0
S2000,85.88503758251419,85.24625188005024,1,67.0162315002303,8.655895360836489,32.053537249533136,0
S2001,75.28860824768881,75.74307501835342,0,69.8661457603794,6.510269485986565,75.97173168242473,0
S2002,67.24855676351606,71.48479038145041,0,38.67424782398041,5.855471152761895,71.08222465115536,1
S2003,71.0263232099697,82.12135698336775,0,78.30797052330301,8.532368392900196,94.33969680411039,0
S2004,83.60692453280491,74.78234814947791,0,61.8819778699577,7.652688643109695,74.08784652058168,0
S2005,76.03591949439947,85.0481526243159,0,92.70763134659893,7.394301209828371,53.92404034697324,0
S2006,80.08251972242006,80.8719314730578,1,80.63896256156454,6.239641498065826,69.87041803232762,0
S2007,84.04095090642627,,1,91.06119527595379,7.510796575164118,40.54267450981395,0
S2008,71.50190244522868,73.02314517468756,2,51.80193171313165,5.697666328405678,54.62531463680572,1
S2009,85.07497796355767,80.67363162091536,0,63.31504045862632,7.760874827294838,84.16809549044797,0
S2010,80.54611124150074,63.700220976799,1,47.635747225766636,8.654664039527452,70.04255296074139,0
S2011,61.18224295706226,59.57954863817392,1,57.30655823927213,8.957254652689542,88.76013183196905,0
S2012,93.30765749423493,91.89474696586562,0,92.53789764115464,7.850228864931779,42.529723985951236,0
S2013,69.99106307491701,71.02686546851763,1,96.77483040260492,5.341574140454654,70.12061764281995,0
S2014,56.13885588177779,79.26832792207331,0,49.33360069351973,7.236796157135226,66.39180002579543,0
S2015,63.45947548496437,69.73236020175946,2,61.7510019702889,9.567618092869257,89.2935773218113,0
S2016,63.74745807186014,59.7887808871205,0,68.62847790356892,,84.76420429066596,0
S2017,76.62607982389041,68.15376049615362,0,80.54090155257606,6.9289821125077395,84.27603440141277,0
S2018,72.71379393344516,,0,38.32341525634314,8.696229222161172,98.66256060934562,0
S2019,71.95801638831288,75.77336103991193,1,41.14599853248811,7.740560706488303,68.11060625141494,0
S2020,83.43642358578975,44.03937576377358,0,78.81327058970325,9.976187589382125,95.3612933648115,0
S2021,80.07850433431244,64.98657760793384,1,34.91730575947736,6.120556740125694,57.29270158592422,0
S2022,79.79257444773144,92.95211309786598,1,,5.812293057111014,56.705956003748895,0
S2023,80.91794148794432,,0,72.91765255405913,8.468950523002208,86.04394514397342,0
S2024,83.39361601602685,42.79329831572147,1,77.48198745879611,5.564945646074157,49.924148185459174,1
S2025,50.70455989867068,94.50268439591561,0,67.44907428021102,,83.16425005470333,0
S2026,71.62674097282647,77.5534951373791,0,63.41637905714445,6.921224146168508,75.62101109954122,0
S2027,49.83747922612631,67.0198199766208,1,,8.243187368063106,91.14964365847797,0
S2028,76.43271912157354,62.80015169485104,0,75.13370667458364,7.737121561630296,73.04889656072177,0
S2029,75.94440433330786,83.1529270170843,2,58.353700804873725,7.548477897012235,74.89678314072843,0
S2030,88.54638729747616,60.4122323968333,1,70.67901214028029,6.517082946518,82.14823988679849,1
S2031,,84.07558994322383,1,76.89704240781147,8.458004822898332,63.39760719904355,0
S2032,78.43330057902841,75.59073400013958,0,100.0,10.0,62.70069908015646,0
S2033,69.99566707123721,71.4255469568229,0,84.15382602924842,7.829538518707499,81.59087103749471,0
S2034,81.82193335054886,70.03720727469833,0,91.862023407171,7.1196066490562036,73.5313950539098,0
S2035,69.66498835210824,65.5504474860015,1,59.00906686660666,5.442564434809407,67.48297732313151,0
S2036,75.98328818267981,82.63896168292972,0,60.56470768740995,6.235022260819416,72.67545440483732,0
S2037,87.8336358035292,55.88520035057432,2,65.76316012936618,6.743547719263235,99.51295212541328,1
S2038,69.30674384812691,45.293048224377074,1,67.41569236051305,6.358479711679441,66.91170549216172,0
S2039,85.66814367091001,76.60216172049465,0,51.855550759547974,6.9807065985677825,66.44768618748775,0
S2040,84.12881642430763,76.83733659294006,2,92.78680527802273,9.133619292168746,46.68089240540008,0
S2041,64.54249819443014,74.72337613516473,1,85.90032947965825,8.496600300843081,73.32235298948616,0
S2042,87.68672953860882,73.70819717465254,1,64.49779849657287,6.809400740238095,84.51013617984627,0
S2043,84.38279614445806,63.51243470327433,0,81.55079168224937,5.550064066400967,87.37916985089389,0
S2044,77.22311064847189,79.02475786139735,1,74.01218493406908,8.604841171482896,75.73148162608852,0
S2045,66.85211850366818,67.36218622543643,1,82.95690365676475,6.941134871846363,89.29333716929413,0
S2046,65.68952777709316,61.180410148587505,2,45.80247177653866,,85.69968643008387,1
S2047,69.54804907716372,63.633521628424404,1,67.37810068244617,7.854916142191644,91.80720367507621,0
S2048,82.51113355950352,96.28895578286165,0,68.95530649769569,8.230824021080158,89.74884248764099,0
S2049,64.53249799118322,43.71033485136394,0,81.22555779300973,4.088909914078397,99.11965113771602,0
S2050,81.25014698343844,74.99703346014118,0,58.6881231787216,6.010534429440516,71.28490933494001,0
S2051,61.09893365345929,44.49245401326796,1,25.001246966516867,6.867455186430743,52.76707132221587,1
S2052,73.55117698673381,66.48473326347838,0,50.52940508170743,7.881413093570341,84.61949989896672,0
S2053,,61.929215207841374,0,68.90113625720367,6.381104098450995,86.48885102916442,0
S2054,100.0,38.80960384648171,1,71.14991605905996,6.001429717631276,99.11992629409824,0
S2055,59.47221213375559,73.44652626607268,0,100.0,7.872603099616339,94.50064569871529,0
S2056,93.6641747978816,62.67946712930926,2,80.48943593184578,6.438013152023009,100.0,0
S2057,77.79810896784736,38.61111120414259,0,71.4675450261668,7.6504655806584365,83.91766368522453,0
S2058,80.93406301619156,79.75395327083953,1,69.41695701793412,5.666181214030491,77.66096947101805,0
S2059,77.42017496065846,88.09008649184508,0,89.87530087905446,5.377200376916322,51.84027005878805,0
S2060,81.3367218183428,88.861740792152,2,59.378011861166115,7.906322989084476,78.92954455222528,0
S2061,74.15577874765579,,1,67.47489182066923,7.303023892380657,65.15994629005891,0
S2062,93.4486021774895,68.64481394007962,2,50.393353837510574,8.106946879883449,77.38416021491953,0
S2063,70.52234626930333,,2,95.54030887651547,6.36088839889427,74.87221098095449,0
S2064,89.58681486615097,91.55337019476138,2,77.06498086602905,6.045873637024306,81.54773742160216,0
S2065,68.26759455744373,83.86996184025875,1,57.264580671928975,8.632862665049092,72.44270864738382,0
S2066,75.27697784318455,54.818473568782785,1,67.93980981427046,5.172449483206636,88.96032305172136,1
S2067,,70.8188279450089,0,79.17371373771304,8.50175285101675,30.429530993999073,0
S2068,81.46028464417024,74.15322602008,1,65.48705957099904,8.58460564897886,77.03989720252551,0
S2069,93.34151148311841,42.66536243515879,0,60.37952880917318,8.03210741711929,93.23983646644099,0
S2070,75.07172584214975,74.57104923469083,1,58.22307365228203,6.174630979587462,100.0,1
S2071,73.63737161555309,99.82188556371145,0,76.10131418634006,6.020171395929569,85.71138141416101,0
S2072,62.62459644318488,76.95910632121108,1,63.55502297420767,6.7479330724021604,100.0,0
S2073,73.24848815737231,88.62778314018459,0,61.83236077427057,5.445952387802321,,1
S2074,56.886468883341664,70.56080622180187,0,45.9508884090027,5.845967201495684,74.045801214833,0
S2075,65.04546415937408,66.9749434642265,0,71.39753037748905,7.773681149810855,82.47065029164402,0
S2076,78.72143255330963,73.33779946113366,0,66.73797810174565,7.779218937068989,73.94889147374296,0
S2077,91.82815837289675,56.578426928217944,0,64.21032972444463,5.740510208158053,61.48228051172223,0
S2078,100.0,54.50714737871856,1,73.57787219479692,7.811346322360089,65.75615609388962,0
S2079,68.96097897914919,85.72826380037111,0,83.46404072924616,7.545163966887767,56.205553502781484,0
S2080,93.22360187974527,,0,82.62817849492843,8.811863505492525,82.45403351784391,0
S2081,78.92502976481977,54.12451158177709,2,79.94911301619572,7.682963730241026,74.18226900000764,0
S2082,74.18502823904349,81.5519832637541,1,65.66793498455702,8.270297264481254,68.23542213187044,0
S2083,81.19113342071383,66.7825603415157,3,59.794029953057645,7.5724931091162535,64.93305989060336,1
S2084,76.74299780415951,72.75732004286603,0,51.20951845619613,8.175914931636626,82.08090153919403,0
S2085,77.32474870734663,74.44306095209089,0,59.323182867914525,5.45545941211867,86.48717088976112,0
S2086,71.10000204607996,,0,70.35370171245825,6.853906651466904,55.91177605591707,0
S2087,59.22268408241379,69.15805482608465,0,55.846849810255314,6.953220678126964,53.39704528359012,0
S2088,57.47649756973502,87.7422679342271,1,71.72902850411397,6.707500063677661,89.27215928993624,0
S2089,83.83893859937473,72.33177975663895,1,52.62177979758644,7.532663956380071,51.997868184182465,0
S2090,72.67959891897144,76.73857981457346,0,40.102145997873606,7.761255585394901,82.75978934115975,0
S2091,68.846933204126,56.33432371847855,2,84.74931017556631,7.470708492485378,99.87054718006421,0
S2092,76.10206752067785,98.22122614986768,1,61.460537283414794,6.7876673425343945,99.90775685429016,0
S2093,85.53918703498753,74.57754892486953,0,54.933394241969964,6.11712390418585,85.80596145011347,0
S2094,78.16436731631678,77.98196395483139,1,50.31075145664611,8.316623288987481,85.34095224515393,0
S2095,68.12734076030839,45.48539864303842,1,77.6146475451472,7.419679379936602,100.0,0
S2096,90.7155154677874,56.482171676892584,2,94.74833880642342,5.77766336992071,36.64966939369967,1
S2097,94.95022603577958,85.33037163086223,0,62.7446705018894,6.767574950020451,66.57062918270984,0
S2098,81.93467986387424,72.01647565609646,0,66.11985925607352,4.908040386751166,87.57586958522562,0
S2099,87.68396213612908,41.20708371239503,2,,7.042444737216932,68.60340787452868,0
S2100,90.90351996176574,82.53605900577347,0,37.41197732155038,6.761944068881685,93.83645293771255,0
S2101,89.56119179685416,60.387040739061874,0,100.0,6.310639659573595,73.37033503503692,0
S2102,83.36919012535148,87.75843780227396,1,100.0,8.901520227764236,76.10790176540156,0
S2103,83.18016456489859,66.7703004995482,1,21.28592447043851,5.6126150565494655,69.605205372065,1
S2104,82.23592688015803,70.86589360428742,0,68.24494187949837,7.847671542018802,65.63982465907102,0
S2105,62.83194790543548,84.50536410028307,1,57.058953426347855,9.624049793118248,65.24624058963757,0
S2106,84.40867788231503,55.435098408034726,1,65.23410812371479,8.292721484460026,78.33866074938842,0
S2107,59.73023234648135,,3,62.46906874691338,6.962153461482679,61.60696054683413,1
S2108,66.46480653849935,65.2490221144265,1,84.61166377262845,5.639117632692007,89.2512781358606,1
S2109,91.64278081369704,79.58041919469711,0,67.97374167457616,5.3655253880986535,84.45161479364518,0
S2110,86.08264195233036,49.36771846341113,0,53.60367014440078,6.506137966050973,91.59066305551744,0
S2111,93.84877947623035,44.64751560155265,1,66.90066709668777,6.17559911930331,55.93721030411202,0
S2112,72.7399073957525,79.5320929786131,0,79.26611626532338,6.136543709250241,46.8083752514169,0
S2113,62.17301390467879,59.55830362406195,1,48.69301610022492,6.608423853434507,73.93302790989178,1
S2114,73.11475363515589,62.50883581911604,1,40.36779359854035,6.8773034885371755,100.0,0
S2115,77.22437556688689,42.00465437283768,0,100.0,7.582254337174356,94.25934044951313,0
S2116,76.94786459608012,58.494289599072246,1,58.43631976524814,5.5146445366450845,65.12885906389259,0
S2117,89.60416574508042,67.8940578471639,2,67.52764623544859,6.18130744464034,80.79219415090145,0
S2118,71.66475489995865,81.0252900067205,0,62.83968269513969,6.808393500613023,85.64139051909893,0
S2119,80.2244136616351,57.20277767271506,0,79.86557867347855,6.765417767892077,52.105788148274215,0
S2120,64.13647420678473,91.20326568325495,0,100.0,9.203708448896107,95.91401390455368,0
S2121,81.40380733652576,58.416215661482795,0,80.43880915112712,7.278695911268629,71.32121397086495,0
S2122,76.03730260222764,58.43671477780755,1,42.66942734428016,5.0636922256486905,72.54910648627424,1
S2123,67.0022399405858,89.52300572656924,1,45.08577831384646,7.501817633904118,,0
S2124,73.17004765390176,,1,62.818634044115505,7.654796467292774,92.31264222892632,0
S2125,73.78989104181734,60.27165379383793,0,65.1718024084012,6.8498463661063145,61.91708546877747,0
S2126,72.75813844795485,65.8281361634717,1,39.004877148161185,,46.68847992344877,1
S2127,97.2560949072122,86.94303008558883,1,84.74813656313992,9.109665634376155,79.1672846864007,0
S2128,74.81864797230544,88.52683947475954,1,50.44622995813339,5.716139303702492,41.30147062122994,1
S2129,73.07324667787195,56.564895490216415,1,96.8794281182636,7.792926647699121,,0
S2130,50.830588508678304,67.40592665889248,0,100.0,7.2400606348767225,92.98998863774109,1
S2131,65.26951177624628,69.26219558734603,0,65.5314364126208,7.720972658835724,83.26550245613981,0
S2132,72.84311890652377,54.19263845276763,0,77.90150752752733,9.048229509000796,90.67769705160441,0
S2133,67.76976788588028,,0,47.82495000248437,7.673966646569242,83.92562184324527,0
S2134,92.58049112053357,68.07452004632381,2,81.22617387662406,6.329602927547761,100.0,0
S2135,74.02074669524538,83.9629327051143,0,61.03253637818134,8.327190730153553,64.58816595749096,0
S2136,91.46133099181903,84.9039503963568,0,50.42976421140963,6.242680659947056,80.37010683213317,0
S2137,76.74045560860442,63.39106842297389,1,64.79197021144628,7.196269613674321,66.99007246059759,0
S2138,76.44673403705892,,0,61.616535848703464,5.448299670381052,89.30882031863794,0
S2139,74.93444262744998,77.3000922287789,1,64.14713074593243,,73.01480198319206,0
S2140,,59.80736171502184,1,87.09423825069446,7.061664004523424,,0
S2141,96.62554003659831,76.24096212432363,1,55.86446333255681,7.441704050297046,65.50694471356837,0
S2142,48.16467127898538,66.76930917683099,0,100.0,4.957131252770764,96.51402441147175,0
S2143,51.98145106673586,54.42841991165931,1,46.14892660914363,7.596744841600797,83.49023248870353,1
S2144,69.48195002732663,54.60428601968495,1,99.07774491721472,6.016685228082043,73.48062289460832,0
S2145,76.17433458325083,88.25882174443544,0,51.70280880567951,8.5356256188054,82.67907740575879,0
S2146,84.28125309716815,65.81009929199382,1,69.98176181434091,6.5776426854105905,78.18023020046708,0
S2147,81.6770463763297,90.96495731457635,1,,,79.69527488402896,0
S2148,71.38904904543315,,1,63.81288391231862,7.090965469551103,70.69006283048975,0
S2149,88.22852431890115,72.07687281584091,0,84.42443025439988,5.90051799870553,62.77458387912014,0
S2150,88.36234483783278,100.0,1,96.9968823501186,8.522734169719751,68.63886208059951,0
S2151,78.20869397525878,53.19658557471409,0,91.42944468920156,7.00063624903972,47.06968035282844,0
S2152,87.5518908698421,41.43059700140313,2,62.71258601784674,,87.47117332052201,1
S2153,79.27174316118554,86.01226183802126,3,73.31659400328196,7.710161222717209,54.237376445192325,0
S2154,69.2622036786054,56.42467252449697,0,55.922598273969484,5.7940630729596485,70.5176471162288,0
S2155,84.37380206800006,67.71011090251272,0,52.152094373655494,5.453015613605783,84.36872066369654,0
S2156,77.32735747094414,59.79714505367781,2,49.366583696883964,7.490021895329964,87.43034747359857,0
S2157,76.01607816105384,71.75427893337442,0,62.12368047428567,5.68039515038943,45.605569010604185,1
S2158,93.67544286627489,54.69249309939961,0,74.49290135826895,5.6799878155006525,72.53043079639876,0
S2159,46.589534457518965,65.48083876963372,1,35.587327124472914,8.004107237465066,81.35591519118115,0
S2160,58.98778995808516,74.29741457179148,0,69.16563335354621,7.630076931980728,74.83225774819722,0
S2161,61.75515488350756,53.88367559216033,2,97.28845224189145,5.495404549056507,95.50519932277672,1
S2162,71.64087222917433,58.19882358495755,0,90.19439924333426,6.257036748470396,60.85108960136636,1
S2163,72.94470196280764,63.136640329620555,2,59.466686622520015,5.915522132864416,41.21534191695685,1
S2164,57.91209222672343,47.99658392083211,0,44.856287632909854,9.131583157648697,86.96521626829634,0
S2165,64.17810361227008,62.08414624081755,1,,8.08721251308473,65.40662208610419,0
S2166,65.66989985771716,69.66315155864062,0,28.286291496265,6.494986184793671,45.86335043862403,1
S2167,100.0,62.406314817762,0,89.9827740858882,7.6914336272121915,71.46380175093643,0
S2168,97.62090337296576,64.20072909895586,1,66.15542575810167,,93.68892761490721,0
S2169,71.05900698778422,67.7213766073078,0,100.0,6.192824618572608,53.787958114996826,0
S2170,71.63700051631841,58.8195915259476,0,38.914621259623615,7.125835919130264,100.0,0
S2171,62.20955203374047,77.67487592213628,0,86.526632053741,,60.59389448741341,0
S2172,53.1024350412968,,2,68.19084093734443,6.883049049383867,75.392173666012,1
S2173,74.59743776309772,61.49867450926372,0,64.04109043350255,7.297616212857071,54.49388131443827,0
S2174,64.0257762010717,74.7927752406879,0,45.3428176261814,7.0940037519437515,74.66576557913622,0
S2175,74.98179362005588,64.64535982391494,1,,,71.86003485186117,1
S2176,56.79752981147827,73.11682283053906,1,82.17047292598345,6.644625289370928,50.168097562702606,1
S2177,66.8563065002769,89.92091343684555,0,100.0,6.488482152786659,100.0,0
S2178,77.78352514363397,75.12123360225338,0,88.14490473149067,7.278325010354306,66.07460529570089,0
S2179,80.39451517340724,43.172196456664466,2,59.30988407879677,7.492978707039347,66.08859908310355,1
S2180,81.00966350490417,74.35593884025742,0,51.93047349488474,7.238031000782601,89.50457406965847,0
S2181,60.154132190115554,85.26009240632612,1,45.36715419659704,5.585683539998729,100.0,1
S2182,,64.89765362002656,2,96.51803822151047,5.801286578628175,92.02298988806885,0
S2183,66.3974596407778,,1,55.99286288299841,7.478658167137681,54.78111803157462,1
S2184,83.59429497528768,58.33838242387276,1,96.64413764148352,,77.42254415191461,0
S2185,75.87233588058169,47.20245176668817,1,79.4512967355172,7.182898553870507,43.89804028184008,0
S2186,59.48335001106463,69.97636626365696,0,75.93825186869128,6.505997905027607,,1
S2187,72.20562754502575,43.4093259095516,0,64.47637037391463,7.26920854653133,47.83698978351261,0
S2188,80.3843649047652,64.64320581948971,0,,5.635814292983886,61.14877882225221,0
S2189,83.35558456569518,86.01579167703704,1,69.72152626893757,8.570731787843757,73.94877593549903,0
S2190,74.30814523066698,41.26331931955207,0,63.354160753561416,,81.1201049782562,1
S2191,94.38134668721264,50.08704485720543,2,82.52808615966761,6.196651344147342,69.8250460256749,1
S2192,88.0901292518387,53.55154856773791,0,67.40850203401965,6.79984544068855,98.3053388277261,0
S2193,72.92015060320297,67.11352196404656,2,55.62997398270112,6.367556521523661,85.57183331507647,1
S2194,85.00146174564334,62.87996500095307,1,80.79688195829172,8.5740039721802,84.31559606502734,0
S2195,99.20552182225825,87.58790934374522,0,68.84825819868583,6.757311892663529,54.32958556824538,0
S2196,99.52581520939633,81.36087660728376,1,78.80038021164049,7.1864388953387115,100.0,0
S2197,61.26400143013003,74.93382124496037,1,61.830522549624646,7.68847174798155,,0
S2198,64.88160266611419,,0,48.2358165157428,6.111080075482549,100.0,0
S2199,93.81902544080621,73.50521687778757,0,100.0,7.232451359362188,,0
S2200,63.30062738994835,55.93224702561275,0,97.83900539374434,7.329322683273052,82.2025045178204,0
S2201,60.12950640049985,80.00094494979257,0,85.9081293027153,5.135105414775255,90.51220956287074,1
S2202,70.16567043161143,52.43138043897119,1,63.01940766326308,7.303235786533132,24.6732837910901,1
S2203,,79.69527791463123,1,64.5942764831007,6.945085522068233,70.87996135215396,0
S2204,74.77123952066684,84.60599502966363,0,94.88189402613637,7.155959550539196,91.63465023871264,0
S2205,68.1932365551329,70.95210442923322,1,63.63105932378656,7.04275565618868,88.79216429302535,0
S2206,67.90945045930589,65.53301717453233,1,58.613991345748644,7.311003847540098,54.48442659040196,0
S2207,67.45195522704749,73.60433871633542,2,100.0,8.604811870811389,69.30044736211401,0
S2208,65.44588445609268,27.938742818590576,1,69.14180173095029,5.584591105497869,33.41815191678165,1
S2209,100.0,72.23161505879645,0,100.0,6.589417197399496,80.60788544276406,0
S2210,79.57013285422666,66.4130440302427,3,44.82894560757997,7.799942354755403,43.86674558037082,1
S2211,,,0,79.32732789012104,7.577111041273493,92.08764548460115,0
S2212,70.13107038257291,77.89145518056958,1,100.0,7.551286664010501,92.92359777147854,0
S2213,73.76851987376742,66.95323509809381,0,70.53551340385951,10.0,,0
S2214,67.43735222355573,52.03710400688379,0,65.24791913917967,7.736962628940047,82.34041488726541,0
S2215,44.17949998096958,66.02036260844471,0,48.98046548322844,8.35712535550603,70.52642041503186,0
S2216,59.46388867782561,68.94577677713154,1,89.48217497983445,6.63151352937699,77.87053432023785,0
S2217,54.27257584023526,69.60907476213418,0,56.137694512467625,5.808505151323262,55.6438492281096,1
S2218,49.00259466458071,70.26687114199095,0,68.29344593098021,6.622819084919639,83.95988197183854,0
S2219,61.655692308422765,82.55116662885975,1,47.77895896373299,7.854352205612085,47.741036316409335,0
S2220,91.89946815257957,52.79551625752194,0,98.02410280175378,7.488193425795011,44.72111740272989,0
S2221,75.46676598754775,70.4598063863079,1,90.78793559306229,7.483901644718656,72.04914693332813,0
S2222,91.48676514785409,86.05901578065537,2,69.43147451416364,6.742786735843446,70.62010752621953,0
S2223,80.9317909228105,43.71543904287927,0,49.225319159435294,6.55143685742443,78.356827688828,0
S2224,85.39070590858191,70.51505353092075,0,97.64632688636738,6.784171306848067,63.60788015621874,0
S2225,65.1892360563451,59.80470097237739,0,63.41322891315135,7.869370540198256,100.0,0
S2226,82.28741145031205,62.81005461737653,0,50.106312865284664,8.008872913804503,76.56967983007107,0
S2227,84.74457080889215,,0,38.28187577549421,5.792510020394527,77.72610845625961,0
S2228,69.08023249319568,65.62628998019379,0,58.37262762591205,7.9148110713177395,77.15574203851273,0
S2229,82.714484447394,93.77757860197666,1,43.81651379446109,6.219134523092524,90.04655790316924,0
S2230,82.794253102898,50.29797494351901,0,58.78922494258916,7.562705982209264,83.21627863175144,0
S2231,69.405368546439,51.625459965296415,1,83.39935720655888,6.769641109045014,81.07228639533247,0
S2232,62.52677881274806,49.77291601771094,0,63.2427970484458,8.878946259086781,85.77574567784946,0
S2233,61.79046001722073,92.18385601279341,0,76.4024808780468,6.498310445222625,44.80616580724494,0
S2234,77.03806650305754,61.52724412270198,0,56.97997612841983,7.21433420907374,,0
S2235,79.92411842547178,67.64105315513257,0,71.17304319455616,7.727911789071313,72.7830600751769,0
S2236,66.48969003450503,62.36103882451265,2,100.0,5.951249379852541,70.83721787708957,1
S2237,76.31902409591318,54.77807970235672,0,63.72725059551586,6.912571533487665,83.27695750477133,0
S2238,82.84644443366183,64.7078909473979,1,76.91972987715386,6.6800981384522355,74.32027043493609,0
S2239,,100.0,0,41.82050990556811,6.383423819912832,83.30983895126737,0
S2240,94.62256144146986,87.48899289363956,0,97.36191020350367,6.472332398220113,54.070475687019425,1
S2241,91.32376998637652,56.05887055090819,0,61.41028067899242,8.334417517764154,73.82808687346089,0
S2242,63.98450280692147,77.0660374428636,1,88.90960569831702,6.2817391182876,52.54309219267545,1
S2243,96.20303451445628,56.35868118267073,0,67.7827546763397,7.679689459205927,80.18972694994241,0
S2244,69.62828194533142,43.13085305615291,0,81.00842857037452,7.377514002437373,43.94743932218687,0
S2245,88.53847374945313,82.27315284730481,0,82.07822368979801,5.323623861069789,79.57296157665408,0
S2246,76.81583951261307,84.2412998530097,1,61.85607388877109,7.623003326111729,50.496009905646204,0
S2247,71.05420745851639,82.6447315146706,1,89.65431584371333,5.303784148290767,67.86355530845127,0
S2248,54.30763768270081,61.42188651092598,0,56.33827244812421,7.753710193798192,88.31884306318798,0
S2249,73.94122587740382,65.66513972397219,1,84.00281596049577,6.391370028242982,77.63807981757468,0
S2250,57.28740117633269,78.49671775121372,0,,7.010040703907743,47.66943642041119,0
S2251,87.60759083011327,73.4809445228735,0,76.29204307537708,5.4468640604483936,63.241698484895615,0
S2252,94.20151188567098,62.489075401841376,3,61.6841259576233,7.146858788325779,49.97794359237117,1
S2253,66.43706812843972,45.3329945183457,0,70.89956754471872,8.112340501564743,46.883864006316905,0
S2254,79.62364891023125,69.59425271798817,0,50.65551336954819,6.031641486372855,75.88261081814359,0
S2255,67.2953017359043,83.10613494930558,0,74.4560257243983,6.271399496627187,82.96477349696166,0
S2256,,51.2337639535218,1,70.79538102927255,7.545545228280988,81.04969473145103,0
S2257,,76.94263134346367,0,60.27723602669549,7.575541988376327,83.64202903807602,0
S2258,75.53754085787905,72.64158373187169,1,69.00949660497467,4.078984841909792,,0
S2259,96.87577650317215,78.50207568525266,0,72.41208057102237,,69.62575650000052,0
S2260,70.21321025556495,80.2076569960661,0,58.90557304122798,7.634264180257998,56.83089076700297,0
S2261,87.99203598969387,58.277486613045056,2,67.68234563686596,7.836302394943554,66.95872525199202,0
S2262,77.16896095549339,45.36256839769075,4,51.90006506389142,6.82775146400558,52.85842583478127,1
S2263,85.5493361169308,60.53072664043969,1,100.0,4.773575789737306,60.477351565969286,1
S2264,70.63410811204064,80.4477824453781,1,89.06413588374733,7.809666473500288,75.42282992700866,0
S2265,75.405293949381,60.41194535063641,2,74.91569390136792,6.321774366122937,72.11510259934525,1
S2266,74.61401344841278,58.283393465993015,1,91.09803269458051,7.652718033020008,100.0,0
S2267,65.96731462185056,42.501095213055066,0,,6.737438715684726,52.46727043991988,1
S2268,,92.53706576371314,0,23.961764718987887,7.2856472549396525,71.99842046669148,0
S2269,83.80298806694037,79.55999097995434,1,62.812760888501685,6.0700043423089065,51.22028622074041,0
S2270,83.1226563388668,78.7785437378467,0,45.185845415162035,8.037266731214718,67.79542598448079,0
S2271,94.44358784701174,81.54815541491263,1,65.74110055993008,5.5739451526507935,68.44650908615705,0
S2272,93.39213761483563,76.07391706160763,0,73.70181953070818,9.694683310407028,87.51808041973021,0
S2273,71.50066372181037,64.5793960274866,2,86.56746097013101,9.685538361984415,66.80533537251326,0
S2274,80.47662782121014,65.70730254228917,2,49.51124828304616,8.959239502559813,70.93888639910146,0
S2275,68.51679172890145,,0,77.19335235088128,8.530574782929412,67.11491260044448,0
S2276,76.28026379337467,100.0,0,70.25901447674019,,51.583172095084656,0
S2277,68.80300661057362,75.78276843819219,1,76.25516757879552,8.39985604689665,63.56636205131028,0
S2278,95.44084370963262,61.50679382107992,1,60.6441048864352,6.884588202068647,67.88901255865892,0
S2279,80.36437780411555,74.51695483832792,0,94.89643251751816,5.135778949305632,75.18121413450216,0
S2280,73.38365046274693,53.847835150011555,2,68.13684432826493,8.803841696836825,82.9431565955972,0
S2281,90.32342286227652,89.06309406024917,0,100.0,8.354589355507006,70.24645584462354,0
S2282,49.95261508245506,58.74503265870004,0,55.77300423371997,6.962393070813477,69.96517977629846,0
S2283,51.83076886161652,,0,83.37089211919997,5.52977889120262,46.46698946420715,0
S2284,85.55006386263729,82.92368681640389,0,68.92596734991048,6.296559188105231,82.63575227610161,0
S2285,76.72562137740842,,0,64.10063649999825,4.814625298134988,62.865633805599344,1
S2286,79.00535560312913,69.32257988547494,1,81.38167612841583,8.134097023141573,85.95397181167641,0
S2287,60.08324676017742,68.15122918798421,0,64.6148773745874,5.076029239762984,95.06303916566713,0
S2288,75.7211954697956,67.2098246435805,0,22.084623931168096,7.344197044176012,70.99335957291191,0
S2289,100.0,59.92622115501497,1,14.868373782862463,5.987567982664374,57.62701950774573,1
S2290,85.89039543755035,61.70723198322414,0,92.90359888511288,5.287955866000628,73.73282219061923,0
S2291,78.03647854171375,88.71426523111309,0,92.14465224183452,7.286026111934286,79.57923196829822,0
S2292,70.73135307874075,66.48048714240781,2,100.0,6.599440737625562,68.95167998005246,1
S2293,71.26512577756728,56.99885222864118,0,69.68449153092081,8.00582692651044,64.97538544993081,0
S2294,50.44962532959979,60.771833643938876,0,46.732573564037956,5.478873677525552,83.01651537115862,0
S2295,79.09168505105393,83.40518952976112,2,62.44749083228197,6.091222425431413,81.96125239510712,0
S2296,86.14579730178225,,0,70.20564127650363,4.13482934981093,68.45936575476547,1
S2297,57.09256807395262,75.84460849525159,2,51.87331196286803,4.378783981206492,47.53494135582896,1
S2298,68.06299729231822,64.39470321526292,0,99.6743450135296,9.157830891974214,81.30205096607123,0
S2299,62.110424413198935,76.02707458242124,0,100.0,9.500317892919604,61.722764904937975,0
S2300,64.41578566229484,58.99014425069093,2,78.60905261314319,7.111271446268743,77.42945720592495,0
S2301,76.6417795218628,64.36540356115916,1,69.80445255943248,6.011405480912186,76.4185157068646,0
S2302,50.98717414013831,81.57726282348443,0,46.69059438746022,6.641861289411872,43.77684116731736,1
S2303,83.37124526028477,80.2398875048669,0,97.83581013080892,8.048289042983637,75.29730695058518,0
S2304,,54.253262156688756,2,71.37352259528284,6.382733176213545,82.2325204059913,0
S2305,72.98676894355705,56.02262965927994,0,64.79504082860898,7.285160640450027,84.19443864496779,0
S2306,46.2314978801855,,2,78.66113359614168,6.9846927394225,75.877852017541,1
S2307,64.04297648797133,92.16585324537314,0,59.457192478194656,6.31742479590057,42.365023296806555,0
S2308,90.79482320923236,41.182087697434085,3,72.64375311619273,6.368568704809754,94.4332969949862,1
S2309,42.66406863125713,71.89666115398705,3,44.03559668477812,7.35198504602261,80.57636268068129,1
S2310,71.82971905367776,48.73539335797592,0,89.56756940654381,5.82773423633507,54.746890730072366,0
S2311,61.83999065839289,59.11936609064236,2,68.12060125955789,7.54207521474822,61.39579135746762,0
S2312,85.65484361901804,62.89800214710062,0,90.85841549141222,6.434105248420981,77.69958734871233,0
S2313,67.89863257427847,62.112883191883526,3,66.37954879885085,7.152840765577876,84.87654709277209,1
S2314,80.84744824882733,60.52685684477108,2,67.54840524188839,8.660755079402271,66.19259429843677,1
S2315,82.78552503002912,68.10089884526919,0,48.178286290744765,6.798169545727657,87.2084065180652,0
S2316,98.03471007676023,60.506422067171904,1,83.67562551432658,8.10376520823039,45.31573073439716,0
S2317,73.56469667589556,47.525596612041866,1,54.23488082758435,4.8495605729394065,57.320655822499404,1
S2318,80.51253243547134,78.91817457531887,1,61.244397282413885,6.435564383631286,40.97017584252668,0
S2319,58.17933425047077,78.54021034008433,1,70.01884934948566,7.033226345291287,59.64151771408491,1
S2320,90.28496275952493,79.80444034031737,1,72.18203530640842,9.307996815047751,98.12923495270552,0
S2321,66.87389382314362,46.429717052302856,2,39.29025507608034,,100.0,1
S2322,69.27095003094705,72.18485413617812,0,65.8454944212157,6.884548165728668,77.75344749168708,0
S2323,75.73302646180947,77.46370398129693,1,84.31414393558684,8.748026621099516,63.785132683703125,0
S2324,57.245387855921805,53.563171041845806,0,63.18991537856975,6.057975513679754,70.4537615863849,1
S2325,78.74524034714726,68.12842547454981,1,65.95482842416021,6.744593427489196,81.57343825332836,0
S2326,87.60959527510013,66.37226696565487,1,72.92330891516907,7.398086782066647,48.99230637377468,0
S2327,79.5152058819675,93.7901092199557,2,67.73271221415402,7.221410264467337,64.84001318430072,0
S2328,56.9332292298553,94.94294451817602,0,51.45072095702312,8.878924570545298,96.95828919120399,0
S2329,74.51428846804409,44.69901049337719,0,,7.538168572087878,57.2686388907462,0
S2330,84.90434683575388,100.0,0,,8.593327474617062,62.01560161181531,0
S2331,53.464134808409106,55.18683990385347,1,51.078832949192375,6.567989971228107,74.21109849570304,1
S2332,63.10280783418743,81.72942612058397,1,63.259325989255274,6.111369506499644,78.53027615207534,0
S2333,86.51852324897824,81.58697173209224,0,45.13063616916861,6.729132168376437,63.99993526080844,0
S2334,79.24114521036743,54.0603368242147,0,86.94487510882621,5.609076287958878,75.23143013203129,0
S2335,80.94365898552104,74.90574911374739,1,68.33755227691817,7.580214035452114,83.72703253983103,0
S2336,98.31393769147974,66.4945275802751,0,54.69640659509446,6.5369462646937055,100.0,0
S2337,81.62263334207444,75.76062006485347,0,71.6607808025772,6.19385332002703,71.9800899290435,0
S2338,83.89465612519815,71.22941223332876,0,48.33519613188185,7.598390091545202,73.339242954551,0
S2339,100.0,84.74875279518346,1,,5.627541066430854,98.43923753567216,0
S2340,73.43434530291411,,1,43.71759646266795,7.924602656626953,65.21334626723048,0
S2341,,65.64976302803164,0,50.797973723966805,6.425995133810367,52.810351475805106,1
S2342,81.1335567789656,83.34489926280052,1,94.43207651199651,8.39091573291302,78.0039836105434,0
S2343,81.26789235266673,76.12554350802044,0,56.803870036913274,6.528714906124519,91.21880040140664,0
S2344,,78.24538752049243,1,78.39205220772662,7.758291599869509,79.77675416319497,0
S2345,63.61123576534183,58.69578658837965,0,54.94657444079341,7.215474848527487,72.44774947924407,0
S2346,100.0,53.36632106042136,0,83.67160742373795,7.892682248457384,,0
S2347,79.92212164465627,60.05188999446218,1,51.53052398323632,7.131936270577153,73.06609207570602,0
S2348,67.2125754231751,59.30850060047176,0,70.70610269971162,5.0039231051881075,93.73047882106138,0
S2349,86.99116362735518,79.0067897611408,4,70.95132357764108,8.210552247090558,54.254126695372456,1
S2350,74.69025818126399,81.66377670411673,1,100.0,,70.08404521914765,0
S2351,72.96542264418602,65.8281759465464,0,81.34765518364297,7.947419292825775,67.80024428546622,0
S2352,82.74727446297392,88.03286626354094,1,59.32772774207308,7.828295772242628,62.836726869796074,0
S2353,60.49741278121972,87.15857151271182,1,82.33088134570926,6.07204422278639,77.96676807230409,0
S2354,80.23152644700608,71.40758482960754,1,100.0,5.9022455137896435,,0
S2355,98.95545769278102,56.49351519839744,1,,7.786426121738804,80.92523047669499,0
S2356,81.59413194636772,90.05527309209756,0,54.83532323376292,6.636101164707384,58.371043782158,0
S2357,71.48545475459842,67.14575708560228,4,65.73584393596072,8.123715135359797,47.664260890661076,1
S2358,69.9147366348611,69.76631275003365,1,,6.786158868564372,78.19821498449166,0
S2359,71.07592031985868,63.24552964150804,1,64.01037943006226,8.228091732937946,65.90529533627758,0
S2360,72.95244786342663,55.54293543183923,0,46.523819219321624,7.507965381050922,100.0,0
S2361,71.46632160690073,47.439047975585915,1,95.27120896390022,7.345569992456978,100.0,0
S2362,86.9957372928948,76.86015652980203,0,44.393045227420856,6.5511865615116704,100.0,0
S2363,55.2014907614922,57.032385245447315,2,66.39616942679501,7.27891313687382,58.95822558344459,1
S2364,86.3440006049456,100.0,1,88.82495065169256,8.431423257943251,,0
S2365,71.44376169828926,52.79496984342529,0,69.45667257137465,,,0
S2366,80.52337342834447,50.39664535026082,1,52.37090499575016,7.637409332420626,86.13366773671044,0
S2367,62.476145077589635,75.14194201858818,0,45.72383818526876,7.055632091499647,68.32963289289826,0
S2368,91.94357280219323,89.41038870554213,1,65.86001447149992,7.149524851294506,,0
S2369,90.94761952206248,68.9042551972051,2,,9.068092908325958,74.00759978186437,0
S2370,87.51508630900088,76.01139388262185,1,73.6941596506536,8.44207603724746,76.04969799896703,0
S2371,57.82294269047753,42.190336155578066,1,44.77387934096477,7.095284578234862,49.3946647715657,1
S2372,85.94945285279263,58.51483836031527,1,84.6346432639772,7.257344905523241,,0
S2373,80.8582610516285,52.969379792074065,1,72.07989141696036,6.157755395738837,69.83341258284142,0
S2374,56.73674503440919,41.469358100729664,0,73.41705509834459,6.792434144482057,81.4364617936084,0
S2375,75.70843139475022,69.63772327633441,1,95.93938200832031,7.371277345058338,77.76181919687389,0
S2376,80.37441386839915,36.60041329745393,1,62.11968102930641,8.020736307482954,76.89498522662034,0
S2377,82.67290328587781,49.489256474775715,0,56.93529949480197,7.899065076293103,73.26858284053306,0
S2378,78.12713640338627,60.47928688381215,0,60.14025468975628,5.668889132914588,86.58559575456727,0
S2379,79.49477700216856,56.36199829668493,0,66.53452174858135,8.172379276814357,70.81771940983894,0
S2380,93.68333670703714,73.54971903089894,3,68.36263189375609,6.893471584746936,50.71684128875226,1
S2381,90.71240691892815,72.27812268663472,0,55.04744074116808,5.815610373186955,83.10328970198294,0
S2382,41.59534055460708,80.5131824430964,1,33.58446544540494,8.603661684918306,61.05591160141378,0
S2383,72.19073734194781,78.53337225797749,1,,8.755934796085544,52.81181051708576,0
S2384,74.02418766947258,83.97137905105933,0,76.47686199316402,7.316496378808792,57.644106653718424,0
S2385,54.974817127276346,67.97314239987324,1,72.45264951256286,7.850552322286282,78.53331806971073,1
S2386,77.13019669878774,72.24853661143338,1,91.59198045686489,7.920939050493319,72.4556991504824,0
S2387,90.98509326892608,75.16119182686867,0,100.0,8.6749265833747,39.87707152523444,0
S2388,62.96118568491292,69.98319376347436,0,83.66800788625243,7.87368223051807,67.86150491115728,0
S2389,80.03681126427847,62.43927966116097,0,94.88537156334806,5.406774067073718,92.70769959959622,0
S2390,65.01011827244275,63.34580451924322,1,83.80193726073617,,,0
S2391,67.93705571584388,56.55418242338048,2,,8.27878826737605,,1
S2392,93.72872361004042,,0,100.0,6.388570953672683,90.68786299723445,0
S2393,69.4893061586581,66.68378756280782,0,87.12097307402068,5.764449913171108,86.72782813127257,0
S2394,81.5465498681275,58.715567491085295,2,82.71484263564254,7.6057761164849005,90.34801740242737,0
S2395,53.54538260726815,,1,66.30582090512739,6.666087953958905,29.639142239140753,0
S2396,98.34781073673857,51.05441781104096,0,69.25592894264962,7.395994424798751,100.0,0
S2397,83.23182935567799,81.70377877732079,0,63.91892803569528,7.892088209533916,84.18240696684687,0
S2398,73.81000188819687,69.10064737344503,1,81.182528996111,6.320269734403846,100.0,0
S2399,82.90655811999873,,0,57.03373532753173,5.660670408778795,61.48278350761146,0
S2400,59.08216685262627,79.31966849442826,0,66.56008822396163,7.462982161446374,45.784790309617435,0
S2401,90.19036890103189,60.15371666287878,1,27.6069420667906,6.359934573667632,74.11549530760283,0
S2402,72.11218269404284,48.30899122182874,0,100.0,7.175314942878877,69.59404272388542,0
S2403,73.55116581941878,82.29711204906786,0,66.03145751344627,5.388008275645283,84.45862373783714,0
S2404,70.10013262041419,60.480642146074416,1,78.20044787205839,6.697380730630435,91.19885351338169,0
S2405,69.03218316705298,62.27541273707695,1,96.24016050480525,7.857942269247996,72.60329368192805,0
S2406,84.3360473395409,68.57652028488849,0,75.40528187394123,7.727119009176156,70.14867126699639,0
S2407,79.07088220125067,83.99624911906162,2,95.99818663768175,6.0539704349520775,82.36351711225804,0
S2408,83.82097769683648,68.28052207212836,1,47.6487193812754,5.598082756818338,69.89874134892004,0
S2409,75.89446372617314,51.21236023396678,0,100.0,7.018916427702151,68.5602863856514,0
S2410,82.15839773292618,75.61427805757052,2,89.56798357279779,7.673239356423291,90.59415901880458,0
S2411,70.97381507289954,61.21014386033586,1,73.76564486475954,7.486210168231061,94.15644571045716,0
S2412,100.0,94.43093560141253,0,95.65142798725802,6.385408186766428,91.3434599018095,0
S2413,57.18483500283402,67.98432389202954,2,48.9645720521913,7.357389330983924,71.30832459639159,1
S2414,91.13124788275582,36.70950302941867,1,64.80493218214912,8.802826565531193,39.76337619594907,0
S2415,92.41488940865165,73.00310961017944,0,95.99650713524284,7.246173624770833,,0
S2416,65.77409432841287,95.2243690916432,2,36.39291674389064,5.040222477017656,61.87231979716722,1
S2417,100.0,90.06288403963545,1,80.0882399492585,7.24384040572077,71.92439969583059,0
S2418,87.94588339534381,93.63336004259192,0,79.57917087721277,9.45274836545513,63.26254571651826,0
S2419,87.65366808187494,53.72335740465951,0,100.0,5.455131024261285,73.66816231255036,0
S2420,76.33626624431052,80.7701335436749,0,41.50680244499975,7.035669594194826,57.37158993229497,0
S2421,73.39328610137588,57.89207644368604,2,98.9733590265694,6.728397480361439,53.50852101250594,0
S2422,73.48709407552471,71.14005159183694,0,59.92952662331975,7.115059551130077,93.56306372113427,0
S2423,80.6863671558342,50.17866599764375,1,61.953829721586615,7.233102583784526,58.48547818611755,0
S2424,92.81423530040675,58.97761929164197,1,48.003921034723724,8.36796638327551,74.00530600410166,0
S2425,78.17577061433704,58.53254623690938,0,50.41866332559535,,89.27223754564537,0
S2426,65.06267652235252,80.57977392199663,0,77.2634022541706,8.532711468654457,88.62886601967317,0
S2427,85.89312474861975,79.21006770337517,1,49.9780255339356,6.858813209456221,86.71757127864562,0
S2428,87.05380895673751,71.87547621063149,1,83.32511800575247,6.57983587123044,78.84586423202457,0
S2429,83.85591434137343,49.0941001472246,0,58.06661115454444,6.196980420353673,85.5840529365896,0
S2430,,63.63704792470392,1,48.165391494724346,4.819495565055817,95.96941012169847,1
S2431,72.7488624381063,57.55436923880184,0,60.4994353655219,7.330937694311007,80.80036150392597,0
S2432,64.85212999443304,80.17546059372287,1,76.0607294516135,9.46480034616621,44.60476245097306,0
S2433,65.58167883231064,84.49458793944058,0,65.00764128524165,7.549882572743034,65.54346870159846,0
S2434,56.374441018505706,82.78939820443236,0,70.61578212999036,7.824096824994015,85.1419211475534,0
S2435,78.84338333855139,57.42692812816171,3,82.53173431304951,6.504362409982654,63.96646506064953,1
S2436,74.99861460128088,,1,89.48358612910508,6.706799930471595,99.9216982313383,0
S2437,70.7201475456435,43.26253342617924,0,64.41828444539024,8.181569785999915,72.9891227493371,0
S2438,40.53257410785916,87.90277769315091,3,51.20400371962914,9.410432368347784,75.36398034175097,1
S2439,61.03219036366997,62.382430849522464,0,71.36970062060529,8.785537522956183,91.99590718242777,0
S2440,89.450087816838,57.48985534428843,1,78.4716925498733,7.9662935556736265,71.07440164305132,0
S2441,68.02448799924242,90.99724410810728,0,43.70694449250489,7.042180695268611,76.82043257165098,0
S2442,80.32710013188209,85.71223923683658,2,53.96905065386347,7.251662697120788,88.3859757439858,0
S2443,59.31177484029693,68.34228210687701,1,57.05463587266706,6.095791216686095,50.44367014666102,1
S2444,93.26446578831077,63.892356725104364,1,66.25920060303322,5.262198974436812,69.4352294017992,0
S2445,74.27166807934388,66.15058302061625,1,,5.647841970688071,87.26645272606592,0
S2446,79.48048475780243,71.18027917742452,1,82.72673305174419,7.059760041426325,75.0496023734815,0
S2447,100.0,90.40066193847451,2,,6.649609286287987,97.47734099323968,0
S2448,,73.91454393932118,1,41.56506345050036,5.236669954336379,48.78522626900931,1
S2449,72.32121254455531,78.16440646254797,1,63.99000139279368,6.9552119451403165,46.95997171286187,0
S2450,68.88135778155569,84.3697815269824,1,66.83824952548258,6.617883610640866,86.31498426596349,0
S2451,72.09345986176562,51.624535985658135,1,,5.592581373659104,87.8529154389244,1
S2452,82.11877898171844,78.5680664946366,1,59.078520832343834,6.555785187255915,70.90799989069066,0
S2453,74.73731038898954,63.87603743473744,0,62.78121128645639,6.614856399140387,80.40631040073158,0
S2454,71.25707025995834,32.77466725918128,0,62.92063695360138,6.26003543209064,85.9233116421025,0
S2455,93.6061750085085,38.20562641219863,2,72.73386669920724,8.112004197731128,60.97818870637206,0
S2456,74.62948129866595,53.7463534387384,0,58.091580080375884,4.716518125488026,62.690425999211215,1
S2457,100.0,75.43712520029614,0,96.60105340014893,4.617041211146835,77.03561886717819,0
S2458,77.08891076502607,69.59319391476416,1,78.7876835152043,7.00394294133891,88.46542335829952,0
S2459,97.42382073069673,70.58113390045929,0,55.471956628456205,7.1153526272707674,55.34468917827225,0
S2460,80.28783307252752,95.3132087576137,1,71.70120688061631,7.485058163222768,70.8328378890397,0
S2461,87.55552687899338,50.232745391962624,1,72.2322757349009,6.353231790065087,70.09221389272898,1
S2462,67.30466738178731,67.61593304142787,0,91.86498654096006,5.898491433889202,,0
S2463,65.75488932895107,72.26209731939342,0,59.19311627950568,6.991220640766063,73.86082607985865,0
S2464,81.51647146017984,57.6921763684633,0,83.81209655897032,6.470106237582405,65.26586265915425,1
S2465,87.86263890958378,68.39657443116117,0,70.7533805640846,8.861285685586832,93.97705249211849,0
S2466,76.48307802400555,45.60070932281917,0,96.84819729607779,6.61092730008977,65.37188029406688,0
S2467,60.56327997899564,87.7386870418504,0,,6.936177817939506,69.32645819165674,0
S2468,59.676899604528074,58.45739626457393,1,73.5456274826668,9.970501767517531,48.53603782528602,0
S2469,58.874363173765104,96.43960230689905,1,65.2789128217109,6.766287727923176,62.58198597046568,0
S2470,54.78853464472743,67.54535946515563,1,79.1189063742302,7.6673882382389085,82.2572172214248,0
S2471,77.31382431336505,82.39274991558857,2,66.75189951171102,7.775571320063624,79.12963130167776,0
S2472,89.5005270604963,67.25375983412384,1,100.0,7.877681972461858,83.5922718410522,0
S2473,75.8390105569023,67.56958634835259,1,71.41246140718621,7.347384718493503,,0
S2474,,59.82358933489189,0,62.69843261476893,7.232608953292612,100.0,0
S2475,,69.66773501112789,0,61.726928450669334,7.1204011478045395,62.03425876084944,0
S2476,74.04641204040871,72.45198172179667,1,48.16535946642327,6.308807317319472,48.08922010504338,0
S2477,100.0,57.020380875187485,1,80.01806430567981,7.390622563407122,57.19115206285562,0
S2478,58.514345044965324,66.24937817796162,0,55.239798352488954,9.43437500490951,62.74157062669454,0
S2479,71.31186876880965,59.45861587520041,0,89.76666853937945,8.45281829075627,58.41076901412943,0
S2480,96.47023216653477,100.0,2,46.727169027971684,7.364701626669564,75.49857356231767,0
S2481,81.39974009615858,66.74376922123734,1,72.2903460815185,8.026995757727189,94.04247848891234,0
S2482,82.7597568821971,89.63325012375182,0,90.70402765295417,5.956988909523218,98.63454516751864,0
S2483,77.37501324428654,,1,,6.687385414960337,82.06893602954567,0
S2484,79.95932246388718,71.63002698148871,0,100.0,8.137419813020866,100.0,0
S2485,85.33131436334243,49.50090299696623,1,62.34486645043403,8.78460063214983,68.2980310949373,0
S2486,66.2861641732868,61.74098371384989,3,72.53971687891851,6.074960593485546,47.87969532796117,1
S2487,,70.94748539104945,1,80.28608605929419,6.419694028692211,90.85084908621072,0
S2488,59.523963797373526,90.20405363343814,1,83.07032301007996,9.617650952654243,44.582489732015,0
S2489,79.94041567397846,71.1077588874678,1,74.92991088867427,7.115513499722767,61.919951636803134,0
S2490,78.14489155943592,87.37208505670199,1,87.95292250671461,9.188034367240455,82.32179571876475,0
S2491,68.6044829416947,76.97020754284088,0,79.34327283259263,7.248228780730951,72.36189631921951,0
S2492,75.72777669609223,90.7836187525056,1,100.0,7.295416338790522,70.94475579405591,0
S2493,68.52951816801337,67.17340895772922,0,79.40189577138275,6.633410934808123,55.1073594748799,0
S2494,63.139584077659066,100.0,1,,8.131066169812275,73.8271617690666,0
S2495,71.75662310063626,61.20445315920228,0,86.2194191242778,8.6293330603648,90.05859981980467,0
S2496,62.75213637554006,57.26953432123263,0,37.49649773617127,5.75799732383096,74.3194866645763,1
S2497,79.87356956911898,51.05926010435353,0,100.0,6.577059337335476,60.716385925743026,0
S2498,62.19897407017164,100.0,2,59.66180604741006,8.098094229249064,54.03938463044271,0
S2499,84.54372427589261,79.47226601665056,0,96.91979227363123,6.844541634658807,61.04648667271074,0
S2500,61.82225118485416,63.322309732675684,2,70.48228197614989,6.407937437760148,80.27734003862973,1
